"species","term","estimate","std.error","statistic","p.value","conf.low","conf.high","climate_zone"
"ACANTHOSTRACION QUADRICORNIS","(Intercept)",273.527762979612,183.029386241589,1.49444725022773,0.195291282239916,-196.964252680679,744.019778639902,"subtropical"
"ACANTHOSTRACION QUADRICORNIS","year",-0.121401475413314,0.0908075184115193,-1.33690995566193,0.238851170016051,-0.354829632781176,0.112026681954547,"subtropical"
"ACHIRUS LINEATUS","(Intercept)",22.2254171494925,41.8922625179627,0.530537522053449,0.601054247743805,-64.6538178400756,109.104652139061,"tropical"
"ACHIRUS LINEATUS","year",0.00307634674814648,0.02095985375702,0.146773292591134,0.884647666656361,-0.0403917294657443,0.0465444229620373,"tropical"
"ALECTIS CILIARIS","(Intercept)",170.391727050139,100.990061408132,1.68721282742401,0.190147303575626,-151.003720748545,491.787174848822,"subtropical"
"ALECTIS CILIARIS","year",-0.0709832980258522,0.0506416288497133,-1.40167880927578,0.255556285224739,-0.232147562652171,0.0901809666004668,"subtropical"
"ALOSA CHRYSOCHLORIS","(Intercept)",75.0142827814728,33.3325414894493,2.2504819443551,0.0481402506618289,0.744752053386449,149.283813509559,"subtropical"
"ALOSA CHRYSOCHLORIS","year",-0.0227444257000435,0.0166667903747374,-1.36465541286931,0.202279281121565,-0.0598803488719069,0.0143914974718198,"subtropical"
"ALUTERUS HEUDELOTII","(Intercept)",49.8264114438169,54.9372773491163,0.906969071786708,0.374250696744435,-64.1065284744892,163.759351362123,"tropical"
"ALUTERUS HEUDELOTII","year",-0.0108250370426101,0.0274483000144896,-0.394379143221826,0.697098199793243,-0.0677493272024098,0.0460992531171896,"tropical"
"ALUTERUS MONOCEROS","(Intercept)",71.5135641614055,99.5238025357333,0.718557393702166,0.492863423158087,-157.988736037238,301.015864360049,"subtropical"
"ALUTERUS MONOCEROS","year",-0.0215681822372557,0.0498015316645026,-0.433082708832207,0.676394224261123,-0.1364107201951,0.0932743557205886,"subtropical"
"ALUTERUS SCHOEPFII","(Intercept)",105.559562742929,43.1863519179053,2.44428061308793,0.0213266578369806,16.9484879823138,194.170637503544,"subtropical"
"ALUTERUS SCHOEPFII","year",-0.0385158687845812,0.0215985059548579,-1.78326541961197,0.0857898932854048,-0.0828323424131398,0.00580060484397737,"subtropical"
"ALUTERUS SCRIPTUS","(Intercept)",64.7455425664368,49.7881309869335,1.30042123058262,0.20901006287329,-39.4622132132466,168.95329834612,"subtropical"
"ALUTERUS SCRIPTUS","year",-0.0184373548083112,0.024881238226668,-0.741014359508434,0.467745004469668,-0.070514384920191,0.0336396753035686,"subtropical"
"ANCHOA CUBANA","(Intercept)",40.1579316474713,36.6707904036747,1.09509315739884,0.353519493519688,-76.5448897845366,156.860753079479,"subtropical"
"ANCHOA CUBANA","year",-0.00522083124687033,0.018278368372539,-0.285628954426479,0.793748510719115,-0.0633907571406717,0.052949094646931,"subtropical"
"ANCHOA HEPSETUS","(Intercept)",30.1023992055749,17.255723659241,1.74448778851729,0.0901091167983498,-4.96545045522153,65.1702488663713,"subtropical"
"ANCHOA HEPSETUS","year",-0.000651630977078728,0.00861278795803056,-0.075658541723548,0.94013419645385,-0.0181549220147041,0.0168516600605466,"subtropical"
"ANCHOA LYOLEPIS","(Intercept)",29.3433485081449,21.8200113347164,1.34479070876827,0.187863342969493,-15.0497983428535,73.7364953591434,"subtropical"
"ANCHOA LYOLEPIS","year",-0.000129864139858923,0.0108984969758267,-0.0119157843642997,0.990564552521853,-0.0223030229563837,0.0220432946766658,"subtropical"
"ANCHOA MITCHILLI","(Intercept)",53.01908203573,12.789267015366,4.14559192266679,0.000222149898591988,26.9991226498036,79.0390414216563,"subtropical"
"ANCHOA MITCHILLI","year",-0.011930558936344,0.00638196597925916,-1.86941750788351,0.0704604302441683,-0.024914766348948,0.00105364847625998,"subtropical"
"ANCHOVIELLA PERFASCIATA","(Intercept)",-24.4160514587509,43.750009364713,-0.558081056742444,0.58366456484532,-116.331410393828,67.4993074763265,"tropical"
"ANCHOVIELLA PERFASCIATA","year",0.0265305530972037,0.0219038039814752,1.2112303926588,0.241469927114782,-0.019487631452597,0.0725487376470044,"tropical"
"ANCYLOPSETTA DILECTA","(Intercept)",31.1317834597413,7.83124321174726,3.97533094273487,0.000323971999454085,15.2492860817778,47.0142808377048,"subtropical"
"ANCYLOPSETTA DILECTA","year",-0.00156966362816158,0.00391057082784454,-0.401389898626836,0.69050589871935,-0.00950066886452224,0.00636134160819908,"subtropical"
"ANCYLOPSETTA QUADROCELLATA","(Intercept)",41.9620574579494,10.1859500494849,4.11960173121715,0.000229532185459308,21.2617163976992,62.6623985181997,"subtropical"
"ANCYLOPSETTA QUADROCELLATA","year",-0.00668914708208025,0.00508400708443374,-1.31572339908045,0.197070105008556,-0.0170210925647531,0.0036427984005926,"subtropical"
"ANTENNARIUS STRIATUS","(Intercept)",1.71206905785931,42.1186637402263,0.0406487031122064,0.967912225577296,-85.2165804532882,88.6407185690068,"subtropical"
"ANTENNARIUS STRIATUS","year",0.0131300286978358,0.0210419896937345,0.623991784472047,0.538519470815168,-0.0302985035648545,0.0565585609605261,"subtropical"
"APOGON AFFINIS","(Intercept)",54.9622371878132,38.5033884963739,1.42746494098797,0.187208513087435,-32.1384788912611,142.062953266887,"tropical"
"APOGON AFFINIS","year",-0.01336695027827,0.0191212125927008,-0.699063943432784,0.50217652558354,-0.0566221383062353,0.0298882377496953,"tropical"
"APOGON AUROLINEATUS","(Intercept)",62.754035753269,20.8609068622469,3.00821225882746,0.00576922147002639,19.8738275811334,105.634243925405,"tropical"
"APOGON AUROLINEATUS","year",-0.0172741158534078,0.010409832366185,-1.65940384491883,0.109050496773935,-0.0386718327334385,0.00412360102662284,"tropical"
"APOGON MACULATUS","(Intercept)",34.8526153332153,35.7250536978769,0.975579088780671,0.366949734921553,-52.5634419429101,122.268672609341,"tropical"
"APOGON MACULATUS","year",-0.00334295762264775,0.0178545172678041,-0.187233156321504,0.857648766287504,-0.0470313875217101,0.0403454722764146,"tropical"
"APOGON PSEUDOMACULATUS","(Intercept)",49.0546646817566,30.5837743304691,1.60394410943864,0.127142043964192,-15.4714588296057,113.580788193119,"tropical"
"APOGON PSEUDOMACULATUS","year",-0.0103965241515405,0.0152795314221226,-0.680421661130773,0.505399596225906,-0.0426335175679284,0.0218404692648474,"tropical"
"ARCHOSARGUS PROBATOCEPHALUS","(Intercept)",134.861622455104,59.6230229358349,2.26190514694699,0.0864980233676916,-30.6784277321909,300.401672642398,"subtropical"
"ARCHOSARGUS PROBATOCEPHALUS","year",-0.0529819446385237,0.0298009588300306,-1.77786040176444,0.150058015931858,-0.135722670912363,0.0297587816353157,"subtropical"
"ARIOMMA BONDI","(Intercept)",-15.5955611132697,55.2769270269519,-0.282135095998835,0.781245909284588,-132.219682849488,101.028560622949,"subtropical"
"ARIOMMA BONDI","year",0.0216584667277076,0.0276470041191505,0.783392899800858,0.444174244932661,-0.0366716132432981,0.0799885466987133,"subtropical"
"ARIOPSIS FELIS","(Intercept)",71.2133062211576,9.97093715038636,7.14208756379516,2.50702660982155e-08,50.9712276600724,91.4553847822429,"subtropical"
"ARIOPSIS FELIS","year",-0.0210359619000463,0.00497779531514775,-4.22595960023356,0.000161595429904112,-0.0311414236345351,-0.0109305001655574,"subtropical"
"ASTROSCOPUS Y-GRAECUM","(Intercept)",66.5138399478429,30.9546599570054,2.14875046407318,0.0429178657446668,2.31780433688225,130.709875558804,"subtropical"
"ASTROSCOPUS Y-GRAECUM","year",-0.0189007228171711,0.0154994028797485,-1.21944844997008,0.235587145333787,-0.0510445170180757,0.0132430713837335,"subtropical"
"BAGRE MARINUS","(Intercept)",85.2894215464608,13.0040712066583,6.55867075710805,1.42870183354086e-07,58.8897534902917,111.68908960263,"subtropical"
"BAGRE MARINUS","year",-0.0279764113095787,0.00649377045418194,-4.30819221390281,0.000126879804576449,-0.0411594661928513,-0.0147933564263062,"subtropical"
"BAIRDIELLA CHRYSOURA","(Intercept)",35.8721754621947,33.0950149576691,1.08391476807241,0.286761093694906,-31.6255525526617,103.369903477051,"subtropical"
"BAIRDIELLA CHRYSOURA","year",-0.00367118831668337,0.0165375345314284,-0.221991271413918,0.825776667272347,-0.0373997123637766,0.0300573357304099,"subtropical"
"BALDWINELLA AUREORUBENS","(Intercept)",76.1905064032184,49.1021013763883,1.55167506618884,0.143047329845172,-29.1230269776497,181.504039784087,"subtropical"
"BALDWINELLA AUREORUBENS","year",-0.0243631113547358,0.0244880862926156,-0.994896500429376,0.33667218779961,-0.0768848328477202,0.0281586101382485,"subtropical"
"BALISTES CAPRISCUS","(Intercept)",13.8410038618647,13.8102259088185,1.0022286350165,0.323112224010155,-14.195245246556,41.8772529702854,"tropical"
"BALISTES CAPRISCUS","year",0.00723201172350845,0.00689550168583557,1.04880138574458,0.301458133036672,-0.00676660091816993,0.0212306243651868,"tropical"
"BATHYANTHIAS MEXICANA","(Intercept)",83.9647398235403,14.9009533678108,5.63485689478915,3.88380285762602e-06,53.5329331878312,114.396546459249,"subtropical"
"BATHYANTHIAS MEXICANA","year",-0.0280205285128591,0.00744758659193609,-3.76236357469122,0.000730455483828163,-0.0432305294754886,-0.0128105275502296,"subtropical"
"BELLATOR BRACHYCHIR","(Intercept)",214.685086642225,66.2876027435329,3.23869136545551,0.0317132360104664,30.6411964696475,398.728976814803,"tropical"
"BELLATOR BRACHYCHIR","year",-0.0930083865898397,0.0330882734519367,-2.81091688645954,0.0482718760053944,-0.184876161454915,-0.00114061172476392,"tropical"
"BELLATOR EGRETTA","(Intercept)",87.7438349383112,46.8136333171115,1.87432225873053,0.0977553206569075,-20.2085970748795,195.696266951502,"subtropical"
"BELLATOR EGRETTA","year",-0.0293410137732959,0.0233098428444993,-1.25873923599703,0.243613036099515,-0.0830936077636704,0.0244115802170787,"subtropical"
"BELLATOR MILITARIS","(Intercept)",53.9244319594185,13.9189664552613,3.87416925910008,0.000448560139748443,25.667427805542,82.181436113295,"subtropical"
"BELLATOR MILITARIS","year",-0.0125280147558359,0.00695316599833182,-1.80177127352368,0.0802007878651722,-0.02664369217549,0.00158766266381823,"subtropical"
"BEMBROPS ANATIROSTRIS","(Intercept)",-73.3625312893395,71.9872236830552,-1.01910488467147,0.365776908257149,-273.231106120937,126.506043542258,"deep-water"
"BEMBROPS ANATIROSTRIS","year",0.0511865317206437,0.0360806146437356,1.41867127891434,0.2289895866955,-0.0489893141994839,0.151362377640771,"deep-water"
"BEMBROPS GOBIOIDES","(Intercept)",-114.540806176885,50.8533322620083,-2.25237562775127,0.0652278918767625,-238.974427559006,9.89281520523595,"subtropical"
"BEMBROPS GOBIOIDES","year",0.0719025222718867,0.0255351432083173,2.81582608271672,0.0305212668511775,0.00942027773477101,0.134384766809002,"subtropical"
"BOLLMANNIA COMMUNIS","(Intercept)",81.8978769907986,12.0333260457415,6.80592187725036,6.81118577455704e-08,57.4689263821174,106.32682759948,"subtropical"
"BOLLMANNIA COMMUNIS","year",-0.0266822348537366,0.00600748293132602,-4.44149990249695,8.55418509585044e-05,-0.0388780735814502,-0.014486396126023,"subtropical"
"BOTHUS ROBINSI","(Intercept)",-14.7998670785808,33.0797653591333,-0.447399397121012,0.659167449121145,-83.5930050997774,53.9932709426159,"tropical"
"BOTHUS ROBINSI","year",0.0218963597763251,0.0164827321238605,1.32844237301095,0.198288859107094,-0.0123813581473929,0.0561740777000431,"tropical"
"BREGMACEROS ATLANTICUS","(Intercept)",87.2681952892749,15.6562649848899,5.57401113059204,2.81457848803612e-06,55.4842876166617,119.052102961888,"subtropical"
"BREGMACEROS ATLANTICUS","year",-0.0295802729943676,0.00781807893783938,-3.78357307844508,0.000581028318884836,-0.0454518170297623,-0.0137087289589728,"subtropical"
"BREVOORTIA PATRONUS","(Intercept)",49.9339356090445,13.6757944498759,3.65126397534424,0.000822632869187223,22.1981389266095,77.6697322914795,"subtropical"
"BREVOORTIA PATRONUS","year",-0.0104898681831589,0.00682907699036341,-1.53605944082359,0.133267126707927,-0.0243398782595485,0.00336014189323079,"subtropical"
"BROTULA BARBATA","(Intercept)",76.5895293597739,11.0247167707973,6.94707455547948,4.47156518338596e-08,54.2081644366638,98.9708942828841,"subtropical"
"BROTULA BARBATA","year",-0.0240114508844348,0.00550580014019293,-4.36111923299733,0.000108529657803527,-0.0351888194004023,-0.0128340823684673,"subtropical"
"CALAMUS BAJONADO","(Intercept)",-44.0488797289544,67.4691366492592,-0.6528745129487,0.560406360865357,-258.765784379071,170.668024921162,"subtropical"
"CALAMUS BAJONADO","year",0.0363192828037135,0.0337644842490091,1.07566526222829,0.36088284309517,-0.0711343753443555,0.143772940951782,"subtropical"
"CALAMUS CALAMUS","(Intercept)",147.467914197274,83.5980396238847,1.76401163066437,0.128181782446969,-57.0891196908964,352.024948085444,"subtropical"
"CALAMUS CALAMUS","year",-0.0596299971120752,0.0417725783060831,-1.4274914197334,0.203348268149023,-0.161843814022111,0.0425838197979607,"subtropical"
"CALAMUS LEUCOSTEUS","(Intercept)",15.5097181200926,26.689682815427,0.581112867745575,0.566367120677624,-39.4587125990366,70.4781488392218,"subtropical"
"CALAMUS LEUCOSTEUS","year",0.00624692772613645,0.0133261339732628,0.468772694216501,0.643294150255429,-0.0211987589509538,0.0336926144032267,"subtropical"
"CARANX BARTHOLOMAEI","(Intercept)",136.010821063365,74.8088443925981,1.81811151031258,0.106559708301501,-36.4986834558111,308.520325582541,"subtropical"
"CARANX BARTHOLOMAEI","year",-0.0532093462270218,0.0372290609817698,-1.4292422323807,0.190797856571799,-0.139059714800751,0.0326410223467074,"subtropical"
"CARANX CRYSOS","(Intercept)",22.5772466950765,18.7982683395138,1.20102800360708,0.237372615982795,-15.5116629324451,60.6661563225981,"subtropical"
"CARANX CRYSOS","year",0.00299124651121057,0.00938935327088464,0.31857854581807,0.751837560057914,-0.0160333903189736,0.0220158833413947,"subtropical"
"CARANX HIPPOS","(Intercept)",40.2789076634098,22.7208307335933,1.77277442606253,0.0907733346745443,-6.97164649388495,87.5294618207045,"subtropical"
"CARANX HIPPOS","year",-0.00570868637740351,0.0113649162089559,-0.502307828095107,0.620677536841159,-0.0293433234697182,0.0179259507149112,"subtropical"
"CARCHARHINUS ACRONOTUS","(Intercept)",50.941940806173,23.8830578902614,2.13297397009389,0.0421689075787264,1.93795380006941,99.9459278122766,"subtropical"
"CARCHARHINUS ACRONOTUS","year",-0.0109374244465534,0.0119181870703289,-0.917708740600562,0.366896840999804,-0.035391524378575,0.0135166754854682,"subtropical"
"CARCHARHINUS BREVIPINNA","(Intercept)",4.05177823165181,98.5303151211391,0.0411221483121242,0.969782249066474,-309.515659084057,317.61921554736,"subtropical"
"CARCHARHINUS BREVIPINNA","year",0.0125114538028498,0.0490588354065798,0.255029572128239,0.815184257189749,-0.143615655678342,0.168638563284041,"subtropical"
"CARCHARHINUS FALCIFORMIS","(Intercept)",-4.76465382460525,35.9267905267895,-0.132621193119168,0.902888517256444,-119.099735597288,109.570427948078,"subtropical"
"CARCHARHINUS FALCIFORMIS","year",0.0167317777486195,0.0179738590952499,0.930895121629241,0.420574928644439,-0.0404690637207484,0.0739326192179873,"subtropical"
"CARCHARHINUS LIMBATUS","(Intercept)",48.9282858152741,25.5671906312806,1.9137138108327,0.0716952280764213,-4.78638848902755,102.642960119576,"subtropical"
"CARCHARHINUS LIMBATUS","year",-0.0100177683174888,0.012766868111643,-0.784669210168537,0.442852750553095,-0.0368399629180901,0.0168044262831125,"subtropical"
"CAULOLATILUS CHRYSOPS","(Intercept)",132.601635738322,50.2244969629526,2.64017847378607,0.0776440756170231,-27.2351290561599,292.438400532803,"tropical"
"CAULOLATILUS CHRYSOPS","year",-0.0518959739500858,0.025116982222855,-2.06617074812687,0.130720579369866,-0.131829421225087,0.0280374733249158,"tropical"
"CAULOLATILUS CYANOPS","(Intercept)",115.761080554557,17.2700169638997,6.7030090819562,0.0215401708624418,41.4541949220146,190.067966187099,"subtropical"
"CAULOLATILUS CYANOPS","year",-0.0436139566113747,0.00858348676392711,-5.08114683588333,0.0366183297010223,-0.080545719366954,-0.00668219385579531,"subtropical"
"CAULOLATILUS INTERMEDIUS","(Intercept)",69.5973289400961,13.7289805952812,5.06937339280801,1.21518925907126e-05,41.7536657552292,97.4409921249629,"subtropical"
"CAULOLATILUS INTERMEDIUS","year",-0.0208813811174836,0.00685581427428319,-3.04579154015471,0.00432438591422539,-0.0347856169189935,-0.00697714531597375,"subtropical"
"CAULOLATILUS MICROPS","(Intercept)",-8.50137147703748,94.0829970212529,-0.0903603387030397,0.931509030973736,-250.349414662095,233.34667170802,"subtropical"
"CAULOLATILUS MICROPS","year",0.0183185898504935,0.0471757732580703,0.388305025765737,0.71377329942887,-0.102950595968799,0.139587775669786,"subtropical"
"CENTROPRISTIS OCYURUS","(Intercept)",-47.43939710333,19.3732723511377,-2.44870336014989,0.019998802676244,-86.9014615272962,-7.97733267936388,"subtropical"
"CENTROPRISTIS OCYURUS","year",0.0382854742758825,0.00968263832046332,3.95403329224535,0.000398449702547298,0.0185625854282663,0.0580083631234988,"subtropical"
"CENTROPRISTIS PHILADELPHICA","(Intercept)",54.860532607397,4.09066471968768,13.4111535329118,2.35321029326629e-15,46.5560417281451,63.1650234866489,"subtropical"
"CENTROPRISTIS PHILADELPHICA","year",-0.0131684751002791,0.00204218433737821,-6.44823038706926,1.99170627479029e-07,-0.0173143297145392,-0.00902262048601889,"subtropical"
"CENTROPRISTIS STRIATA","(Intercept)",38.9749430823183,44.8324518823684,0.86934667737069,0.424415530480024,-76.270543373537,154.220429538174,"temperate"
"CENTROPRISTIS STRIATA","year",-0.00473287555675514,0.0224786624412138,-0.21054969659038,0.841550218293679,-0.0625161169175396,0.0530503658040293,"temperate"
"CHAETODIPTERUS FABER","(Intercept)",16.9269922580944,9.99908817877181,1.69285358379283,0.0993678882555218,-3.37223592890453,37.2262204450933,"subtropical"
"CHAETODIPTERUS FABER","year",0.00605761968747124,0.00499204946452198,1.21345345844871,0.233082241574004,-0.00407677950867272,0.0161920188836152,"subtropical"
"CHAETODON SEDENTARIUS","(Intercept)",47.7177568456407,71.5900003539392,0.666542207148001,0.529845714381486,-127.456663443885,222.892177135167,"subtropical"
"CHAETODON SEDENTARIUS","year",-0.00965986977608423,0.0358504943194855,-0.269448719172441,0.796611186767463,-0.0973828691958387,0.0780631296436702,"subtropical"
"CHEILOPOGON EXSILIENS","(Intercept)",63.1447595628415,57.9542307421149,1.08956255228067,0.337149037368649,-97.761980706607,224.05149983229,"subtropical"
"CHEILOPOGON EXSILIENS","year",-0.0175409836065573,0.0289912423799127,-0.605044219102215,0.577796533193844,-0.0980335766058688,0.0629516093927542,"subtropical"
"CHILOMYCTERUS SCHOEPFII","(Intercept)",18.8804944309719,20.1201782060564,0.938386043980898,0.354131694259352,-21.886859004942,59.6478478668858,"tropical"
"CHILOMYCTERUS SCHOEPFII","year",0.00476538280786789,0.0100496204032112,0.47418535394085,0.638154275192762,-0.0155970823094222,0.025127847925158,"tropical"
"CHLOROSCOMBRUS CHRYSURUS","(Intercept)",8.9500634927708,11.7886164226412,0.75921237674519,0.452957309986374,-15.0072875045944,32.907414490136,"subtropical"
"CHLOROSCOMBRUS CHRYSURUS","year",0.00989435150521182,0.0058840101737716,1.68156600906583,0.101817716053455,-0.00206339586320509,0.0218520988736287,"subtropical"
"CHROMIS ENCHRYSURA","(Intercept)",-14.298233641742,39.5485854310126,-0.361535905416475,0.728365147149204,-107.815777868103,79.2193105846195,"tropical"
"CHROMIS ENCHRYSURA","year",0.0213172366738257,0.0197094188966398,1.08157611270112,0.315287374574077,-0.02528813323397,0.0679226065816213,"tropical"
"CITHARICHTHYS CORNUTUS","(Intercept)",104.215793116816,27.7427612925236,3.75650397658511,0.0010278123281842,46.8255188349983,161.606067398634,"deep-water"
"CITHARICHTHYS CORNUTUS","year",-0.0378216703413713,0.013865944251272,-2.7276664074213,0.0120000154794408,-0.0665055614424114,-0.00913777924033113,"deep-water"
"CITHARICHTHYS MACROPS","(Intercept)",75.0273861404414,23.8010466701619,3.1522725525554,0.00325916827826812,26.7566261716303,123.298146109252,"subtropical"
"CITHARICHTHYS MACROPS","year",-0.0231692744200598,0.0118853274930286,-1.9494014307683,0.0590711342737425,-0.0472738358083591,0.000935286968239617,"subtropical"
"CITHARICHTHYS SPILOPTERUS","(Intercept)",48.9728977241971,8.11219425553528,6.03694834979832,8.65372280632998e-07,32.4685144154299,65.4772810329643,"tropical"
"CITHARICHTHYS SPILOPTERUS","year",-0.0101177813322164,0.00404789052755656,-2.49951950610775,0.0175867282449111,-0.0183532765329305,-0.00188228613150231,"tropical"
"CONGER OCEANICUS","(Intercept)",73.5045276565803,51.5350098365586,1.42630277727116,0.187533842031543,-43.0757639800667,190.084819293227,"subtropical"
"CONGER OCEANICUS","year",-0.0225481868020904,0.0257613150422747,-0.875273128141499,0.404178793678179,-0.0808243301480732,0.0357279565438924,"subtropical"
"CONODON NOBILIS","(Intercept)",12.9568987114625,28.330597774208,0.457346463873711,0.650950972100309,-45.0757001005537,70.9894975234786,"subtropical"
"CONODON NOBILIS","year",0.00708436587511338,0.014156138818004,0.500444786971388,0.620672879216748,-0.0219131699799308,0.0360819017301576,"subtropical"
"CTENOGOBIUS BOLEOSOMA","(Intercept)",183.761597222317,55.8800124535513,3.28850315441615,0.0461298586530317,5.92645805030529,361.596736394329,"tropical"
"CTENOGOBIUS BOLEOSOMA","year",-0.077340014251431,0.0279342649286209,-2.76864325762838,0.0696473462502032,-0.166239312464337,0.0115592839614747,"tropical"
"CYCLOPSETTA CHITTENDENI","(Intercept)",59.7440382505743,6.99108950463541,8.54574071909126,3.46708224867211e-10,45.5654515659059,73.9226249352428,"subtropical"
"CYCLOPSETTA CHITTENDENI","year",-0.0157318692671697,0.00349103583332302,-4.50636144063723,6.71601453454993e-05,-0.0228120180979399,-0.00865172043639951,"subtropical"
"CYCLOPSETTA FIMBRIATA","(Intercept)",-4.31090617408828,41.3309070458776,-0.10430223970897,0.917761782598179,-89.433502655336,80.8116903071594,"subtropical"
"CYCLOPSETTA FIMBRIATA","year",0.0164496375399152,0.0206647982870145,0.796022168300185,0.433513227720961,-0.0261103112170614,0.0590095862968918,"subtropical"
"CYNOSCION ARENARIUS","(Intercept)",41.6269731094206,6.34059097056032,6.56515667115206,1.84629512982286e-07,28.7269437849465,54.5270024338947,"subtropical"
"CYNOSCION ARENARIUS","year",-0.00639228194110833,0.00316514166468635,-2.01958794212194,0.0516078530167028,-0.012831811076507,4.72471942903185e-05,"subtropical"
"CYNOSCION NEBULOSUS","(Intercept)",6.29968421052452,49.7060280690599,0.126738837425754,0.907164584968312,-151.887081168183,164.486449589233,"subtropical"
"CYNOSCION NEBULOSUS","year",0.011657894736843,0.0249376928409236,0.467480885710164,0.672018045349579,-0.0677049737070543,0.0910207631807403,"subtropical"
"CYNOSCION NOTHUS","(Intercept)",22.8865334375099,10.5188185365696,2.1757703451146,0.0368355750450079,1.48583621376538,44.2872306612544,"subtropical"
"CYNOSCION NOTHUS","year",0.00286928157421938,0.00525115626628871,0.54640948178205,0.58846015229825,-0.00781427617884196,0.0135528393272807,"subtropical"
"DACTYLOPTERUS VOLITANS","(Intercept)",-4.35386078016,16.5465473583496,-0.263128052388705,0.802950716013018,-46.8881148620294,38.1803933017094,"subtropical"
"DACTYLOPTERUS VOLITANS","year",0.016375958124453,0.00827549151253676,1.97885021084785,0.104731944115475,-0.00489687003863648,0.0376487862875425,"subtropical"
"DECAPTERUS MACARELLUS","(Intercept)",-189.113974926249,49.4217602558915,-3.82653256272282,0.0314340648764412,-346.396073253228,-31.8318765992701,"subtropical"
"DECAPTERUS MACARELLUS","year",0.108954692947169,0.0247156556539785,4.40832703257177,0.0216533850513257,0.0302984459285004,0.187610939965837,"subtropical"
"DECAPTERUS PUNCTATUS","(Intercept)",27.0148692406943,17.998564572678,1.50094576329176,0.14260005780614,-9.56261478773102,63.5923532691197,"subtropical"
"DECAPTERUS PUNCTATUS","year",0.00109067250984911,0.00898641988027493,0.121368968329993,0.904113270086307,-0.0171719299502632,0.0193532749699614,"subtropical"
"DECODON PUELLARIS","(Intercept)",28.7426847635977,16.4430035604247,1.74801912910704,0.090359961175193,-4.79304209703262,62.2784116242279,"tropical"
"DECODON PUELLARIS","year",-0.000528899606106616,0.00821130280217701,-0.0644111682212465,0.94905640570888,-0.0172759620835791,0.0162181628713659,"tropical"
"DIPLECTRUM BIVITTATUM","(Intercept)",60.6578295921233,11.2036600922768,5.41410834428454,4.97709372464616e-06,37.8892528853318,83.4264062989148,"tropical"
"DIPLECTRUM BIVITTATUM","year",-0.0160211732100178,0.00559181239493664,-2.86511278964311,0.00709881430793115,-0.0273851032467626,-0.00465724317327311,"tropical"
"DIPLECTRUM FORMOSUM","(Intercept)",-8.56531943278413,16.0288028626354,-0.534370502038592,0.596370187257204,-41.0732383613933,23.9425994958251,"subtropical"
"DIPLECTRUM FORMOSUM","year",0.0188196633772538,0.00800406361864325,2.3512635923356,0.0243031538097415,0.00258666996881757,0.0350526567856901,"subtropical"
"DIPTURUS OLSENI","(Intercept)",-2.81304055007361,53.1760901023863,-0.0529004773509546,0.958393889756032,-114.53186026002,108.905779159873,"tropical"
"DIPTURUS OLSENI","year",0.0154608239052509,0.0265479189933443,0.58237423088141,0.567538677060848,-0.0403142842303999,0.0712359320409017,"tropical"
"DOROSOMA CEPEDIANUM","(Intercept)",42.346890284922,19.6919081754383,2.15047165097698,0.0841948028926595,-8.27277117987794,92.966551749722,"subtropical"
"DOROSOMA CEPEDIANUM","year",-0.00645237765466257,0.00986555775392488,-0.654030701112218,0.541974203299301,-0.0318126012153229,0.0189078459059977,"subtropical"
"DOROSOMA PETENENSE","(Intercept)",58.1059704767037,12.2918657254793,4.72718883971035,5.8464017815002e-05,32.9272249386439,83.2847160147636,"subtropical"
"DOROSOMA PETENENSE","year",-0.0144041573777814,0.00614463950103671,-2.34418266122059,0.0263931115905562,-0.0269908808154622,-0.00181743394010065,"subtropical"
"ECHENEIS NAUCRATES","(Intercept)",42.3426231796237,25.7765375434183,1.64268079482364,0.111633965167299,-10.4582204150675,95.143466774315,"subtropical"
"ECHENEIS NAUCRATES","year",-0.00678067494613363,0.0128711076340657,-0.526813630878772,0.602472086776745,-0.0331459437465691,0.0195845938543018,"subtropical"
"ECHIOPHIS INTERTINCTUS","(Intercept)",-36.830286034205,53.0298864201618,-0.694519421414455,0.503172556738266,-154.988236283387,81.3276642149768,"tropical"
"ECHIOPHIS INTERTINCTUS","year",0.0328225919032123,0.026536830747735,1.23686932381757,0.244394967308401,-0.0263051516944,0.0919503355008247,"tropical"
"ECHIOPHIS PUNCTIFER","(Intercept)",83.6190193471822,39.2522963984329,2.13029623791694,0.0589918209006493,-3.84054728784703,171.078585982212,"tropical"
"ECHIOPHIS PUNCTIFER","year",-0.0274761823470148,0.0195811560909858,-1.40319510346294,0.190838158419047,-0.0711057170001479,0.0161533523061183,"tropical"
"ENGRAULIS EURYSTOLE","(Intercept)",99.7464086382484,52.2345632073627,1.90958634500822,0.0714034360456017,-9.581788626273,209.07460590277,"tropical"
"ENGRAULIS EURYSTOLE","year",-0.0357305632961548,0.0261057904369483,-1.36868344907819,0.187064544392629,-0.09037061064003,0.0189094840477204,"tropical"
"ENGYOPHRYS SENTA","(Intercept)",59.9913220835368,11.6378207551708,5.15485874422686,9.35247782123524e-06,36.3887276254892,83.5939165415844,"tropical"
"ENGYOPHRYS SENTA","year",-0.0158187992301786,0.00581140453875655,-2.72202685679206,0.00993665525774957,-0.0276048739125013,-0.00403272454785588,"tropical"
"EPINEPHELUS FLAVOLIMBATUS","(Intercept)",108.206231251975,30.8999255521156,3.50182821863035,0.00201524056714693,44.1237078492034,172.288754654747,"subtropical"
"EPINEPHELUS FLAVOLIMBATUS","year",-0.0399956032083242,0.015465941225379,-2.58604391582021,0.0168582452002293,-0.0720700021854242,-0.00792120423122416,"subtropical"
"EPINEPHELUS NIVEATUS","(Intercept)",0.0711171290916822,76.2415153718645,0.000932787455034329,0.99927609192642,-172.399172971961,172.541407230144,"subtropical"
"EPINEPHELUS NIVEATUS","year",0.0142129502848944,0.0381238987047081,0.372809465133196,0.717918796410479,-0.0720293002437542,0.100455200813543,"subtropical"
"EQUETUS LANCEOLATUS","(Intercept)",-5.57113713202074,46.7726884995095,-0.119110902339496,0.9081241986185,-113.429150226506,102.286875962465,"tropical"
"EQUETUS LANCEOLATUS","year",0.0170383166512637,0.0233334161328684,0.730210979577173,0.486091635304727,-0.0367686374395705,0.0708452707420979,"tropical"
"ETROPUS CROSSOTUS","(Intercept)",63.2730081321544,7.41074553543926,8.53800846751163,7.24241720466135e-10,48.1957329747989,78.35028328951,"subtropical"
"ETROPUS CROSSOTUS","year",-0.0171259660864678,0.00369813749228103,-4.63097062297283,5.44913740548089e-05,-0.0246498833865845,-0.00960204878635116,"subtropical"
"ETROPUS CYCLOSQUAMUS","(Intercept)",85.6121284901986,30.8521379371156,2.7749172088073,0.0102973283673047,22.0709609738466,149.153296006551,"temperate"
"ETROPUS CYCLOSQUAMUS","year",-0.0279322967648569,0.0153954079704708,-1.81432650686702,0.0816470346917024,-0.0596397330154069,0.00377513948569311,"temperate"
"ETROPUS MICROSTOMUS","(Intercept)",77.6919895590379,35.1083938166284,2.2129177986559,0.0428257316903004,2.86021951325168,152.523759604824,"subtropical"
"ETROPUS MICROSTOMUS","year",-0.0243134416406904,0.0175549907732734,-1.38498743489552,0.186310449696415,-0.0617310187466899,0.0131041354653091,"subtropical"
"ETROPUS RIMOSUS","(Intercept)",32.8166095673802,214.651193989102,0.152883424301131,0.884468425937428,-518.961850698652,584.595069833412,"subtropical"
"ETROPUS RIMOSUS","year",-0.00203239362602749,0.107656025589289,-0.0188785868222661,0.985668145858728,-0.278771017502652,0.274706230250597,"subtropical"
"ETRUMEUS TERES","(Intercept)",57.2117699549272,19.9550869987134,2.86702683674674,0.0070644562811792,16.6581539688345,97.7653859410198,"subtropical"
"ETRUMEUS TERES","year",-0.0145008142293103,0.00996909432630732,-1.45457689080585,0.154956903341853,-0.0347604514368188,0.00575882297819816,"subtropical"
"EUCINOSTOMUS ARGENTEUS","(Intercept)",81.9982484522259,31.4075704167693,2.610779737628,0.0150503136435746,17.3131463305757,146.683350573876,"subtropical"
"EUCINOSTOMUS ARGENTEUS","year",-0.0263672641945285,0.0156768579283335,-1.68192276252461,0.105035291776077,-0.0586543574839676,0.00591982909491061,"subtropical"
"EUCINOSTOMUS GULA","(Intercept)",43.2149628818004,16.8848520241314,2.55939245544105,0.0147066453330239,9.00300297114356,77.4269227924573,"subtropical"
"EUCINOSTOMUS GULA","year",-0.00725659628918879,0.0084336406799735,-0.860434605237603,0.395090910719371,-0.0243447754708468,0.0098315828924692,"subtropical"
"FISTULARIA PETIMBA","(Intercept)",21.8473503655392,47.1108652642257,0.463743347590969,0.649959673243739,-79.1954063094615,122.89010704054,"tropical"
"FISTULARIA PETIMBA","year",0.00343845649929416,0.0234854714185006,0.146407812643928,0.885686754756912,-0.0469328699585801,0.0538097829571684,"tropical"
"FISTULARIA TABACARIA","(Intercept)",-9.43037040230863,95.7236196389082,-0.0985166507271893,0.923468850515593,-222.715886372516,203.855145567899,"tropical"
"FISTULARIA TABACARIA","year",0.0192084751243226,0.0480095545121819,0.400096924862085,0.697498288459537,-0.0877634785508228,0.126180428799468,"tropical"
"FOETOREPUS AGASSIZII","(Intercept)",132.124038479249,44.2012181902945,2.98914925625874,0.0173564518807052,30.1958465513685,234.05223040713,"deep-water"
"FOETOREPUS AGASSIZII","year",-0.0523196652604418,0.0220792783963718,-2.36962749964869,0.0452727336279972,-0.103234572544799,-0.00140475797608441,"deep-water"
"FOWLERICHTHYS RADIOSUS","(Intercept)",45.9151324782348,10.8186546188955,4.24407045937495,0.000153227353768252,23.9520959634128,67.8781689930567,"subtropical"
"FOWLERICHTHYS RADIOSUS","year",-0.0087848715785277,0.00540107387731978,-1.62650461335424,0.112813722436671,-0.0197496344779404,0.002179891320885,"subtropical"
"GOBIOIDES BROUSSONNETII","(Intercept)",210.448551229525,99.0247723114093,2.12521115996828,0.100749274511068,-64.4882931478129,485.385395606864,"tropical"
"GOBIOIDES BROUSSONNETII","year",-0.09063319672132,0.0494133088556738,-1.83418594747502,0.140543149596744,-0.227826536225282,0.0465601427826422,"tropical"
"GOBIONELLUS HASTATUS","(Intercept)",88.912962354288,24.5512024720015,3.62153187631789,0.00229252213546782,36.866738131638,140.959186576938,"tropical"
"GOBIONELLUS HASTATUS","year",-0.0299141850360831,0.0122908622194319,-2.43385569718524,0.0270314353452077,-0.055969648987055,-0.00385872108511114,"tropical"
"GOBIONELLUS OCEANICUS","(Intercept)",78.5523593556639,72.0627035495983,1.09005568048941,0.31751924361984,-97.7787239853948,254.883442696723,"tropical"
"GOBIONELLUS OCEANICUS","year",-0.0249693868999927,0.0360174764635499,-0.693257533610439,0.514074536566744,-0.113100976906988,0.0631622031070026,"tropical"
"GYMNACHIRUS MELAS","(Intercept)",80.4068604677821,16.4147485307138,4.898452164365,5.37795194450136e-05,46.5284845857562,114.285236349808,"subtropical"
"GYMNACHIRUS MELAS","year",-0.0258299739791947,0.00818961975211191,-3.15398941111201,0.00429228216234002,-0.042732518405859,-0.00892742955253049,"subtropical"
"GYMNACHIRUS TEXAE","(Intercept)",58.0415258763433,13.309404175699,4.36094096400786,0.000108586853260117,31.0219989389684,85.0610528137181,"subtropical"
"GYMNACHIRUS TEXAE","year",-0.0147971957018336,0.00664615555253109,-2.22642933721259,0.0325190010609769,-0.028289608781412,-0.00130478262225519,"subtropical"
"GYMNOTHORAX KOLPOS","(Intercept)",122.319833782457,30.4988216647298,4.01064130041173,0.00074779278716022,58.4850664070687,186.154601157846,"tropical"
"GYMNOTHORAX KOLPOS","year",-0.0471022072247679,0.0151996706835666,-3.09889656199547,0.00590963714952209,-0.0789154835845576,-0.0152889308649782,"tropical"
"GYMNOTHORAX NIGROMARGINATUS","(Intercept)",97.373789237118,16.8758102241034,5.77002158379578,1.89944288969867e-06,63.0396951793277,131.707883294908,"subtropical"
"GYMNOTHORAX NIGROMARGINATUS","year",-0.0343543914333628,0.00843188626105862,-4.07434236773607,0.000272311265653075,-0.0515091930178395,-0.0171995898488862,"subtropical"
"GYMNOTHORAX OCELLATUS","(Intercept)",77.9815919956411,70.5521295695995,1.10530458075985,0.294910598822597,-79.2183489887532,235.181532980035,"tropical"
"GYMNOTHORAX OCELLATUS","year",-0.0247145750983997,0.035416035876777,-0.697835725725744,0.501183234166291,-0.103626420618786,0.054197270421987,"tropical"
"GYMNOTHORAX SAXICOLA","(Intercept)",13.3644864041539,21.7049251411559,0.615735199142096,0.543865046619304,-31.4322773749217,58.1612501832296,"subtropical"
"GYMNOTHORAX SAXICOLA","year",0.00778463169257023,0.0108475320796741,0.717640808562987,0.479906324919688,-0.0146035741638829,0.0301728375490234,"subtropical"
"GYMNURA MICRURA","(Intercept)",-111.346365100878,58.5974262001486,-1.90019207875373,0.0839231502869238,-240.31843058697,17.6257003852136,"deep-water"
"GYMNURA MICRURA","year",0.0690917236523546,0.0292105650328684,2.36529911607704,0.0374616598338837,0.00479970349711947,0.13338374380759,"deep-water"
"HAEMULON AUROLINEATUM","(Intercept)",22.6462979168299,14.7110964402694,1.53940245098517,0.132215526902015,-7.16121481333825,52.453810646998,"subtropical"
"HAEMULON AUROLINEATUM","year",0.00305439163021015,0.00734789391155777,0.415682597894587,0.680043329715035,-0.0118338556325257,0.017942638892946,"subtropical"
"HALIEUTICHTHYS ACULEATUS","(Intercept)",3.1175529386591,10.8008889104647,0.288638552299022,0.774779308911013,-18.9110052272675,25.1461111045857,"subtropical"
"HALIEUTICHTHYS ACULEATUS","year",0.0128102224949063,0.00539628690955923,2.37389573786629,0.0239786382393536,0.00180442278224734,0.0238160222075653,"subtropical"
"HARENGULA JAGUANA","(Intercept)",17.9550365064052,16.179304864281,1.10975327166524,0.274672153377396,-14.890698572151,50.8007715849613,"tropical"
"HARENGULA JAGUANA","year",0.00533022360458436,0.00807969973164906,0.659705655113061,0.51376068411827,-0.0110724388785186,0.0217328860876873,"tropical"
"HEMANTHIAS LEPTUS","(Intercept)",-19.3088334261935,26.8813764793731,-0.718297794051201,0.481794029134439,-75.7845097437254,37.1668428913384,"tropical"
"HEMANTHIAS LEPTUS","year",0.0235541102593716,0.0134156875878611,1.75571398074923,0.0961395543197382,-0.00463120347895389,0.0517394239976971,"tropical"
"HEMANTHIAS VIVANUS","(Intercept)",86.934548422728,35.6166237998036,2.44084192009259,0.0275320402495573,11.0195118102632,162.849585035193,"tropical"
"HEMANTHIAS VIVANUS","year",-0.0293172680248896,0.0177657235121937,-1.65021525888138,0.119676340866205,-0.0671840113314955,0.0085494752817162,"tropical"
"HEMICARANX AMBLYRHYNCHUS","(Intercept)",-51.9306508795462,30.4189398454704,-1.70718148440926,0.0992649552982014,-114.345159933461,10.4838581743681,"subtropical"
"HEMICARANX AMBLYRHYNCHUS","year",0.0400402186592729,0.0151757902219153,2.63842726301335,0.0136568747752483,0.00890206917024385,0.0711783681483019,"subtropical"
"HETEROPRIACANTHUS CRUENTATUS","(Intercept)",-21.6498188458445,64.9464737448989,-0.33334864231247,0.74650582784294,-168.568949626353,125.269311934664,"subtropical"
"HETEROPRIACANTHUS CRUENTATUS","year",0.0246939493539088,0.0324846949161751,0.76017181068285,0.466597918055964,-0.0487915359320311,0.0981794346398486,"subtropical"
"HIPPOCAMPUS ERECTUS","(Intercept)",67.6509052186813,34.3037324201945,1.97211499874152,0.0572916517890619,-2.22351115314622,137.525321590509,"subtropical"
"HIPPOCAMPUS ERECTUS","year",-0.0197376794492717,0.0171327277380031,-1.15204535734788,0.257836890938783,-0.054635903843234,0.0151605449446905,"subtropical"
"HIPPOCAMPUS ZOSTERAE","(Intercept)",-108.540526385223,130.37446374796,-0.832529034175391,0.466188191352386,-523.450256843262,306.369204072815,"subtropical"
"HIPPOCAMPUS ZOSTERAE","year",0.0681306068601579,0.0652582731750545,1.04401485888844,0.373199724608532,-0.139550343494989,0.275811557215305,"subtropical"
"HIRUNDICHTHYS RONDELETII","(Intercept)",109.10556736875,27.5794471303206,3.9560462127176,0.00332411922139583,46.7165234968809,171.494611240619,"subtropical"
"HIRUNDICHTHYS RONDELETII","year",-0.0404358339673475,0.0137907682554248,-2.93209437055412,0.0167000291897796,-0.0716327191568468,-0.00923894877784819,"subtropical"
"HISTRIO HISTRIO","(Intercept)",141.073285577409,48.2561754056307,2.92342450249276,0.0104843559439058,38.2176824386248,243.928888716194,"subtropical"
"HISTRIO HISTRIO","year",-0.0562310465461963,0.0241085533298794,-2.33241065014487,0.0340206685773236,-0.107617211585271,-0.00484488150712115,"subtropical"
"HOPLUNNIS DIOMEDIANA","(Intercept)",35.9236426504887,27.519184264573,1.30540361607794,0.216229886934958,-24.0355090871395,95.8827943881169,"subtropical"
"HOPLUNNIS DIOMEDIANA","year",-0.00386391721367626,0.0137308875565559,-0.281403310438691,0.783194715642388,-0.0337809511846184,0.0260531167572658,"subtropical"
"HOPLUNNIS MACRURUS","(Intercept)",69.7200473930392,12.4252527889296,5.6111572599277,3.35529788111932e-06,44.4106356863479,95.0294590997305,"subtropical"
"HOPLUNNIS MACRURUS","year",-0.0206602350694236,0.0062079862894077,-3.32800913311856,0.00220885644780434,-0.0333054893380613,-0.00801498080078595,"subtropical"
"HOPLUNNIS TENUIS","(Intercept)",19.0378641550404,62.5099415626464,0.304557382059956,0.772971982727192,-141.649056172586,179.724784482667,"deep-water"
"HOPLUNNIS TENUIS","year",0.00447097034571887,0.0310460661112391,0.144010849223191,0.891116292578866,-0.0753354832677964,0.0842774239592342,"deep-water"
"HYPANUS AMERICANUS","(Intercept)",-10.06790164631,40.7421837132223,-0.247112469895487,0.806839251554716,-93.9779997270488,73.8421964344287,"subtropical"
"HYPANUS AMERICANUS","year",0.0192679954655227,0.0203293756730412,0.947790811454876,0.352308261892199,-0.0226011374865106,0.0611371284175561,"subtropical"
"HYPANUS SABINUS","(Intercept)",105.597647117917,54.404214989652,1.94098282895916,0.067242971390119,-8.27168351662557,219.46697775246,"subtropical"
"HYPANUS SABINUS","year",-0.0385922708074151,0.0271712915378369,-1.42033258719683,0.17171329198287,-0.0954624375854486,0.0182778959706184,"subtropical"
"HYPANUS SAY","(Intercept)",9.79633198627749,39.0468375597641,0.250886693993681,0.804594890016984,-71.9296382748826,91.5223022474376,"subtropical"
"HYPANUS SAY","year",0.00961043625688591,0.0195194804248938,0.492351028187687,0.628112136102909,-0.031244305801969,0.0504651783157408,"subtropical"
"HYPORTHODUS FLAVOLIMBATUS","(Intercept)",51.7635082337234,189.354807452181,0.273367805814994,0.795502801231045,-434.988520293266,538.515536760713,"subtropical"
"HYPORTHODUS FLAVOLIMBATUS","year",-0.0118570533262362,0.0939325944333483,-0.126229381800474,0.904469205289725,-0.253318474350794,0.229604367698322,"subtropical"
"KATHETOSTOMA ALBIGUTTA","(Intercept)",39.1869863686625,10.9587780608967,3.57585363540578,0.00101787743082377,16.9615543252818,61.4124184120432,"subtropical"
"KATHETOSTOMA ALBIGUTTA","year",-0.00566042070713098,0.00547232114174165,-1.03437290329227,0.307860668837799,-0.0167588023861357,0.00543796097187375,"subtropical"
"LACTOPHRYS QUADRICORNIS","(Intercept)",87.4694340189628,32.8531851190934,2.66243390715039,0.0145719164086185,19.1474954018948,155.791372636031,"subtropical"
"LACTOPHRYS QUADRICORNIS","year",-0.0293734633611685,0.0164514820941776,-1.78546000858878,0.088638351953082,-0.0635861932905097,0.00483926656817276,"subtropical"
"LAGOCEPHALUS LAEVIGATUS","(Intercept)",12.9057744702714,11.6709411851509,1.10580408773644,0.276354635579162,-10.7874957598469,36.5990447003898,"subtropical"
"LAGOCEPHALUS LAEVIGATUS","year",0.00759464341876591,0.0058268008768633,1.30339848216236,0.200947888465495,-0.00423439123769032,0.0194236780752221,"subtropical"
"LAGODON RHOMBOIDES","(Intercept)",9.36314448289884,11.3584092245374,0.824335899315174,0.415331326861594,-13.6956521361464,32.4219411019441,"subtropical"
"LAGODON RHOMBOIDES","year",0.00947977296718761,0.00567046360564439,1.67178093829073,0.103486042823508,-0.00203188015548609,0.0209914260898613,"subtropical"
"LARIMUS FASCIATUS","(Intercept)",8.57895591471558,21.6504615453369,0.39624817682297,0.694472586372855,-35.469239296111,52.6271511255422,"subtropical"
"LARIMUS FASCIATUS","year",0.00984993609913943,0.010803786397734,0.911711481190093,0.368532998668295,-0.0121305325974254,0.0318304047957043,"subtropical"
"LEIOSTOMUS XANTHURUS","(Intercept)",-6.85152676800253,14.5371593494544,-0.471311251620812,0.640428804083709,-36.3945890370079,22.6915355010029,"subtropical"
"LEIOSTOMUS XANTHURUS","year",0.0177296217466776,0.007255780831549,2.44351671560793,0.0198892234524351,0.00298410099094936,0.0324751425024058,"subtropical"
"LEPOPHIDIUM BREVIBARBE","(Intercept)",69.5681351496974,6.95506997124519,10.0025068672663,8.42270873031503e-12,55.4485924595367,83.6876778398582,"tropical"
"LEPOPHIDIUM BREVIBARBE","year",-0.0205059623826101,0.00347325657385513,-5.90395841671137,1.03323541234384e-06,-0.027557048090041,-0.0134548766751792,"tropical"
"LEPOPHIDIUM JEANNAE","(Intercept)",83.6158935050354,16.8014658432892,4.97670228805857,1.6132242117281e-05,49.5409414205826,117.690845589488,"tropical"
"LEPOPHIDIUM JEANNAE","year",-0.027514846645501,0.00839419969599388,-3.27784037096859,0.00232256374340529,-0.0445390726919781,-0.0104906205990239,"tropical"
"LONCHOPISTHUS MICROGNATHUS","(Intercept)",18.6669659968439,27.4972043146712,0.678867778092047,0.504301313507356,-38.3587454740071,75.6926774676949,"subtropical"
"LONCHOPISTHUS MICROGNATHUS","year",0.00464538774713788,0.0137206985474138,0.338567874739401,0.738145290896062,-0.0238095994431735,0.0331003749374493,"subtropical"
"LOPHIUS AMERICANUS","(Intercept)",-0.705038152532206,59.8456858450214,-0.0117809352934479,0.990832111888457,-134.049535907589,132.639459602525,"temperate"
"LOPHIUS AMERICANUS","year",0.0141813765708699,0.0298579983156022,0.474960726468373,0.645018002308399,-0.0523463895186642,0.080709142660404,"temperate"
"LOPHIUS GASTROPHYSUS","(Intercept)",76.6716731088922,59.1533858865576,1.29615020272771,0.251523582019353,-75.3869461674783,228.730292385263,"deep-water"
"LOPHIUS GASTROPHYSUS","year",-0.0241731088944295,0.0295153421302134,-0.81900148023982,0.450044051715375,-0.100044711246947,0.0516984934580883,"deep-water"
"LUTJANUS CAMPECHANUS","(Intercept)",71.9373043829174,7.2693376941482,9.89599154828462,1.52366136399071e-11,57.1642327676084,86.7103759982264,"subtropical"
"LUTJANUS CAMPECHANUS","year",-0.0217098214847241,0.00362866873897306,-5.98286122167992,9.06474579236122e-07,-0.029084163605635,-0.0143354793638133,"subtropical"
"LUTJANUS SYNAGRIS","(Intercept)",36.6960821219016,6.63606644912114,5.52979425436006,2.72116790754597e-06,23.250134298532,50.1420299452712,"subtropical"
"LUTJANUS SYNAGRIS","year",-0.00396731307955928,0.00331458042275584,-1.19692768723371,0.23894768091932,-0.010683290950251,0.00274866479113244,"subtropical"
"MENTICIRRHUS AMERICANUS","(Intercept)",24.7391345307687,18.5543401941909,1.3333341025252,0.191287170520861,-12.9678214528887,62.4460905144261,"subtropical"
"MENTICIRRHUS AMERICANUS","year",0.00184632096192106,0.00926403955256254,0.199299771060492,0.843215384097379,-0.0169804725528763,0.0206731144767184,"subtropical"
"MENTICIRRHUS LITTORALIS","(Intercept)",7.05733527127244,37.373913043092,0.188830515636277,0.851813374600746,-70.078630100776,84.1933006433208,"subtropical"
"MENTICIRRHUS LITTORALIS","year",0.010219787881851,0.0186662449801695,0.547501004765998,0.589090459327813,-0.0283054482837171,0.0487450240474192,"subtropical"
"MENTICIRRHUS SAXATILIS","(Intercept)",99.1957176202162,91.4430285019949,1.0847816311995,0.313959408898733,-117.032685214691,315.424120455124,"subtropical"
"MENTICIRRHUS SAXATILIS","year",-0.0349864630767925,0.0456955006065959,-0.765643501271597,0.468912973508197,-0.143039151999822,0.073066225846237,"subtropical"
"MICROPOGONIAS UNDULATUS","(Intercept)",18.9614874827987,9.96346404842116,1.90310191221128,0.0655223084429068,-1.28670762338969,39.2096825889871,"subtropical"
"MICROPOGONIAS UNDULATUS","year",0.00493377061779257,0.00497302836271119,0.992105867480469,0.328154372126151,-0.00517263896700854,0.0150401802025937,"subtropical"
"MONACANTHUS CILIATUS","(Intercept)",69.2448822404581,113.641852034766,0.609325534568674,0.575220720068346,-246.275481587081,384.765246067997,"subtropical"
"MONACANTHUS CILIATUS","year",-0.0207596512160057,0.0569150274347856,-0.364748154427099,0.73376546983478,-0.178781100549514,0.137261798117503,"subtropical"
"MONACANTHUS HISPIDUS","(Intercept)",3.7695710670215,14.5016965663566,0.25994000424521,0.796746714402569,-25.8897286117051,33.4288707457481,"subtropical"
"MONACANTHUS HISPIDUS","year",0.0124307774217356,0.00724527451643769,1.71570827213425,0.0968824449686791,-0.00238747278467146,0.0272490276281426,"subtropical"
"MONACANTHUS SETIFER","(Intercept)",40.8140128301378,21.1393355667476,1.93071408045287,0.101743423471501,-10.9120778934674,92.5401035537429,"subtropical"
"MONACANTHUS SETIFER","year",-0.00627869195244645,0.0105887325871588,-0.592959724005189,0.574861325062877,-0.0321883872085703,0.0196310033036774,"subtropical"
"MUGIL CEPHALUS","(Intercept)",43.1556805479698,117.768327575504,0.366445558295813,0.732592844640495,-283.821616096369,370.132977192308,"subtropical"
"MUGIL CEPHALUS","year",-0.00715620796991283,0.0588638273956559,-0.121572250506445,0.909100479526873,-0.170588393415789,0.156275977475964,"subtropical"
"MUGIL CUREMA","(Intercept)",191.231665116283,82.3251956692568,2.3228813920414,0.10281331661542,-70.7638496731011,453.227179905668,"subtropical"
"MUGIL CUREMA","year",-0.0809302325581417,0.0411624208365993,-1.96611936113784,0.143990300198481,-0.21192742666611,0.050066961549827,"subtropical"
"MULLOIDICHTHYS MARTINICUS","(Intercept)",25.0107500021267,116.878880983211,0.213988616178823,0.837642665190144,-260.981569024255,311.003069028508,"subtropical"
"MULLOIDICHTHYS MARTINICUS","year",0.00138710145008187,0.0584973779311016,0.0237121987196692,0.981851113075917,-0.141750825870437,0.144525028770601,"subtropical"
"MULLUS AURATUS","(Intercept)",19.6452232490396,14.5288278820228,1.35215472359939,0.184533368303584,-9.79297830216212,49.0834248002414,"subtropical"
"MULLUS AURATUS","year",0.00428617981467618,0.00725685446831529,0.590638799963592,0.558353242813871,-0.0104176040143234,0.0189899636436757,"subtropical"
"MUSTELUS CANIS","(Intercept)",21.6099525498468,15.7971786560935,1.36796278755202,0.180043011505388,-10.4600250838756,53.6799301835693,"subtropical"
"MUSTELUS CANIS","year",0.00337583702453176,0.00789037136085099,0.42784260336356,0.671386877253142,-0.0126424684319713,0.0193941424810348,"subtropical"
"MUSTELUS NORRISI","(Intercept)",-44.4154988612716,34.8691759256544,-1.27377541000599,0.219883466094788,-117.983029415428,29.1520316928846,"subtropical"
"MUSTELUS NORRISI","year",0.0363212385664759,0.0174408758435839,2.08253524032955,0.0527093384060798,-0.00047579297937423,0.0731182701123261,"subtropical"
"MUSTELUS SINUSMEXICANUS","(Intercept)",90.8385134883392,79.4979196835215,1.14265271154219,0.282668262398115,-88.9982749512955,270.675301927974,"tropical"
"MUSTELUS SINUSMEXICANUS","year",-0.0310824946885496,0.0394440621904712,-0.78801454420327,0.450943325715799,-0.120311162502582,0.0581461731254827,"tropical"
"MYCTEROPERCA PHENAX","(Intercept)",12.0269839748506,58.8041001939671,0.204526281928968,0.843049812995694,-123.575514239398,147.629482189099,"subtropical"
"MYCTEROPERCA PHENAX","year",0.00821387997864782,0.0293915147597349,0.279464329953503,0.786977681586005,-0.0595630745972151,0.0759908345545108,"subtropical"
"MYLIOBATIS FREMINVILLEI","(Intercept)",76.9616979193212,27.797830545041,2.76862245759141,0.0182719482130374,15.7790854069438,138.144310431699,"subtropical"
"MYLIOBATIS FREMINVILLEI","year",-0.0240541047128359,0.013850862617412,-1.73665029949812,0.110331754702777,-0.0545396477882277,0.006431438362556,"subtropical"
"MYROPHIS PUNCTATUS","(Intercept)",17.5715164899097,25.7056313855175,0.683566811737969,0.516229811433826,-43.2126428867897,78.3556758666091,"tropical"
"MYROPHIS PUNCTATUS","year",0.00579863487353813,0.0128833257159242,0.450088354621884,0.666254826235484,-0.0246655895555053,0.0362628593025815,"tropical"
"NARCINE BRASILIENSIS","(Intercept)",40.6920706952193,51.9927452382017,0.782649012064875,0.440177776316615,-65.6450330418048,147.029174432244,"subtropical"
"NARCINE BRASILIENSIS","year",-0.00630481580142393,0.0259629840199337,-0.242838642760911,0.809839792648275,-0.05940508031721,0.0467954487143622,"subtropical"
"NEOBYTHITES GILLII","(Intercept)",78.5718042884984,19.8767944182341,3.95294143689588,0.000384465615683169,38.1321619803455,119.011446596651,"tropical"
"NEOBYTHITES GILLII","year",-0.0253036033628174,0.00992322492721303,-2.54993749999819,0.0156026674793454,-0.0454925562772629,-0.00511465044837185,"tropical"
"NEOEPINNULA AMERICANA","(Intercept)",134.461574934844,93.7511485837763,1.43423922763665,0.210963344435524,-106.533424684653,375.45657455434,"deep-water"
"NEOEPINNULA AMERICANA","year",-0.053789965247613,0.0469790463377462,-1.14497780267614,0.304049813609801,-0.17455344841894,0.0669735179237141,"deep-water"
"NEOMERINTHE HEMINGWAYI","(Intercept)",76.9377167838625,13.2278684293444,5.81633520130768,1.3480892346614e-06,50.083716211598,103.791717356127,"subtropical"
"NEOMERINTHE HEMINGWAYI","year",-0.0244587986988701,0.00660731969217238,-3.70177316043088,0.000732716075225341,-0.0378723707904339,-0.0110452266073063,"subtropical"
"OGCOCEPHALUS CORNIGER","(Intercept)",61.1883493638128,59.9826121227951,1.02010144604155,0.323852159830661,-66.6615619868072,189.038260714433,"subtropical"
"OGCOCEPHALUS CORNIGER","year",-0.0163467882174568,0.029990087297835,-0.545073045473824,0.593715901048639,-0.0802691461597251,0.0475755697248116,"subtropical"
"OGCOCEPHALUS DECLIVIROSTRIS","(Intercept)",93.7230125124999,14.2912225891609,6.55808220239911,2.96391543898739e-07,64.5364422517867,122.909582773213,"tropical"
"OGCOCEPHALUS DECLIVIROSTRIS","year",-0.0327630070157434,0.00712659784063134,-4.5972857944852,7.24562396869997e-05,-0.0473174614928006,-0.0182085525386861,"tropical"
"OGCOCEPHALUS NASUTUS","(Intercept)",173.224816500598,45.5434784630574,3.80350430723269,0.00156114762820982,76.6769551617935,269.772677839402,"tropical"
"OGCOCEPHALUS NASUTUS","year",-0.0723647178056611,0.0228012230160619,-3.17372089008933,0.00589427895718129,-0.120701151306136,-0.0240282843051859,"tropical"
"OGCOCEPHALUS PANTOSTICTUS","(Intercept)",42.9293683479793,25.5369603877959,1.68106805571485,0.106893730940962,-10.0310460364027,95.8897827323612,"subtropical"
"OGCOCEPHALUS PANTOSTICTUS","year",-0.00739717479754486,0.0127177376957619,-0.581642346658081,0.566720322468465,-0.0337721484894532,0.0189777988943635,"subtropical"
"OGCOCEPHALUS PARVUS","(Intercept)",58.154268727759,40.9619851178525,1.41971314525998,0.16970686211455,-26.7956890160408,143.104226471559,"tropical"
"OGCOCEPHALUS PARVUS","year",-0.0149215971968759,0.0204700664850498,-0.728947177957328,0.473723327898593,-0.0573739167784255,0.0275307223846737,"tropical"
"OGCOCEPHALUS RADIATUS","(Intercept)",90.2877854809357,39.3786919107461,2.2928081431851,0.0309237992365701,9.01415988755376,171.561411074318,"subtropical"
"OGCOCEPHALUS RADIATUS","year",-0.0309255525384817,0.0197130202498449,-1.56878814846878,0.129788979204894,-0.0716112266774806,0.00976012160051727,"subtropical"
"OLIGOPLITES SAURUS","(Intercept)",19.4092392254559,46.7186365887791,0.415449607322607,0.684110044426127,-80.7922706078272,119.610749058739,"subtropical"
"OLIGOPLITES SAURUS","year",0.00453519824198396,0.0233465284472933,0.194255786346246,0.848766127127901,-0.045538125180865,0.054608521664833,"subtropical"
"OPHICHTHUS GOMESII","(Intercept)",40.4148200606423,21.5404775012257,1.87622674837838,0.0700670732663542,-3.51727344490686,84.3469135661915,"tropical"
"OPHICHTHUS GOMESII","year",-0.00600267733608457,0.0107534911725767,-0.558207305864763,0.580712436019297,-0.0279345671782599,0.0159292125060907,"tropical"
"OPHICHTHUS PUNCTICEPS","(Intercept)",6.35492535234746,46.5587335518164,0.13649265921881,0.89675734758114,-113.328109406183,126.037960110878,"tropical"
"OPHICHTHUS PUNCTICEPS","year",0.0115427645821032,0.0233290104068897,0.494781577991594,0.641726397942207,-0.048426365813218,0.0715118949774244,"tropical"
"OPHICHTHUS REX","(Intercept)",72.9829947790365,27.4692312832652,2.65689978821866,0.0450513417386722,2.37108780338227,143.594901754691,"tropical"
"OPHICHTHUS REX","year",-0.0221074078921495,0.0137060972236612,-1.61296155509425,0.167671695629279,-0.0573400524527582,0.0131252366684592,"tropical"
"OPHIDION GRAYI","(Intercept)",81.5023692305221,34.1951279651698,2.38344975089838,0.025063923861868,11.0761848699225,151.928553591122,"subtropical"
"OPHIDION GRAYI","year",-0.026202054084971,0.0171058690766722,-1.5317581332774,0.13813977187584,-0.0614322509267278,0.00902814275678578,"subtropical"
"OPHIDION HOLBROOKII","(Intercept)",59.756862892327,13.0911469871983,4.5646774076223,6.61245974438657e-05,33.1227240857141,86.3910016989398,"tropical"
"OPHIDION HOLBROOKII","year",-0.0153209797378293,0.00654191762988747,-2.34197074995774,0.0253669300727818,-0.0286306112304889,-0.00201134824516975,"tropical"
"OPHIDION WELSHI","(Intercept)",61.4409020215174,10.5311436412301,5.83420985551583,1.7549710160404e-06,39.989664393928,82.8921396491067,"tropical"
"OPHIDION WELSHI","year",-0.0162298835366741,0.00526156239346914,-3.08461295770612,0.00418033545973519,-0.0269473354146271,-0.00551243165872109,"tropical"
"OPISTHONEMA OGLINUM","(Intercept)",12.6271506110481,14.8341907281446,0.851219378424927,0.400274298341721,-17.4579826141019,42.7122838361981,"tropical"
"OPISTHONEMA OGLINUM","year",0.00804338201204922,0.0074080106232121,1.08576815303777,0.284798856654728,-0.0069807598920867,0.0230675239161851,"tropical"
"OPSANUS BETA","(Intercept)",24.9853424201592,33.3364728219859,0.749489682174206,0.463245740902636,-45.0519880754472,95.0226729157658,"subtropical"
"OPSANUS BETA","year",0.00153107396797786,0.0166193814868289,0.0921258092060318,0.927615658311614,-0.0333849508928748,0.0364470988288306,"subtropical"
"OPSANUS PARDUS","(Intercept)",45.6635486394336,41.5558658598263,1.09884724321382,0.286315670581872,-41.6420858467755,132.969183125643,"subtropical"
"OPSANUS PARDUS","year",-0.00870630065691625,0.0207279551204699,-0.420026992837239,0.679436871690243,-0.0522541184186386,0.0348415171048062,"subtropical"
"ORTHOPRISTIS CHRYSOPTERA","(Intercept)",49.0270815483886,21.5024438375592,2.28007020591544,0.0288070913726483,5.37479983700207,92.6793632597752,"temperate"
"ORTHOPRISTIS CHRYSOPTERA","year",-0.0101690952033794,0.0107362572278268,-0.947173208278078,0.350044578668719,-0.0319648561213257,0.0116266657145668,"temperate"
"OTOPHIDIUM OMOSTIGMA","(Intercept)",32.7021453950448,13.4938718741523,2.42348124393312,0.0724897004271926,-4.7628491201115,70.1671399102011,"subtropical"
"OTOPHIDIUM OMOSTIGMA","year",-0.00142005610098194,0.00675522927201788,-0.210215825962299,0.843772987414309,-0.0201755793477648,0.0173354671458009,"subtropical"
"PAGRUS PAGRUS","(Intercept)",41.3147070148835,20.3174650031096,2.0334577669291,0.0512474212717491,-0.239174662470084,82.8685886922372,"subtropical"
"PAGRUS PAGRUS","year",-0.00598063770634239,0.0101503963099538,-0.58920238419436,0.560287864591648,-0.0267405291188542,0.0147792537061694,"subtropical"
"PARACONGER CAUDILIMBATUS","(Intercept)",40.586998408276,32.8640358238625,1.23499738820288,0.231886485032982,-28.1982190960046,109.372215912557,"subtropical"
"PARACONGER CAUDILIMBATUS","year",-0.00613416727716641,0.0164188694144741,-0.373604730162409,0.71283458844944,-0.0404992559078495,0.0282309213535167,"subtropical"
"PARALICHTHYS ALBIGUTTA","(Intercept)",-92.2233367324998,41.3807410353579,-2.22865358195735,0.0363713330025296,-178.041741095639,-6.40493236936024,"subtropical"
"PARALICHTHYS ALBIGUTTA","year",0.060245894679162,0.0206844830649783,2.91261301961985,0.00806826126406078,0.0173489023271867,0.103142887031137,"subtropical"
"PARALICHTHYS LETHOSTIGMA","(Intercept)",31.8328742032926,10.5880935321335,3.0064783718319,0.0048660516015012,10.3379015786522,53.327846827933,"subtropical"
"PARALICHTHYS LETHOSTIGMA","year",-0.00165147134711488,0.00528611066353132,-0.312417096847464,0.756577392801863,-0.0123828465147585,0.00907990382052874,"subtropical"
"PARALICHTHYS SQUAMILENTUS","(Intercept)",58.5902220507542,23.1401184622226,2.53197589054721,0.0162846120932742,11.5112970545724,105.669147046936,"subtropical"
"PARALICHTHYS SQUAMILENTUS","year",-0.0150261248379839,0.0115515594939396,-1.30078755564279,0.202341589608423,-0.0385279493378002,0.00847569966183235,"subtropical"
"PAREQUES ACUMINATUS","(Intercept)",-121.080478007585,52.1760017585603,-2.32061625894359,0.03720657051698,-233.799876826326,-8.36107918884346,"tropical"
"PAREQUES ACUMINATUS","year",0.0751979107129891,0.0261742666263807,2.8729710668263,0.013068431230715,0.0186518454874561,0.131743975938522,"tropical"
"PAREQUES IWAMOTOI","(Intercept)",55.8660832478738,21.4034310751818,2.61014615141088,0.0141719266582113,12.0911515695677,99.6410149261799,"tropical"
"PAREQUES IWAMOTOI","year",-0.0139084021397781,0.0106699351384115,-1.30351327907404,0.202653534252697,-0.0357308697644906,0.00791406548493439,"tropical"
"PAREQUES UMBROSUS","(Intercept)",63.8360425148756,13.7284232546528,4.64991800811798,4.13754946244499e-05,36.0196147870246,91.6524702427266,"subtropical"
"PAREQUES UMBROSUS","year",-0.0178011600267069,0.00685706861196433,-2.59603061221339,0.0134471377595745,-0.0316949007667425,-0.00390741928667136,"subtropical"
"PAREXOCOETUS BRACHYPTERUS","(Intercept)",-57.8791244348806,44.9277561026254,-1.28827098114296,0.254043684228163,-173.369598188188,57.6113493184267,"subtropical"
"PAREXOCOETUS BRACHYPTERUS","year",0.0430714074712842,0.0224044574108818,1.92244813973333,0.11257476769977,-0.0145210837864159,0.100663898728984,"subtropical"
"PEPRILUS ALEPIDOTUS","(Intercept)",13.9828559498548,20.2957580206043,0.688954604979986,0.496730045686766,-27.6605997119206,55.6263116116302,"subtropical"
"PEPRILUS ALEPIDOTUS","year",0.00752338230578798,0.010142180792854,0.741791381897748,0.464617915665216,-0.0132866537486501,0.0283334183602261,"subtropical"
"PEPRILUS BURTI","(Intercept)",39.2313683651083,9.92119764091526,3.95429763472478,0.000398154687858405,19.0225500832703,59.4401866469463,"subtropical"
"PEPRILUS BURTI","year",-0.00539981643237789,0.00495150285413746,-1.0905409107996,0.283618846130573,-0.0154856976962083,0.00468606483145258,"subtropical"
"PEPRILUS PARU","(Intercept)",128.709571439042,70.6784037220734,1.82105939949016,0.0986061389647808,-28.7717258904813,286.190868768565,"subtropical"
"PEPRILUS PARU","year",-0.0495205874771086,0.0350702542626529,-1.41203959076636,0.188291411479047,-0.127661983548763,0.0286208085945456,"subtropical"
"PERISTEDION GRACILE","(Intercept)",56.4844871180936,13.5937966099539,4.15516641441683,0.000226033201206793,28.7948295390637,84.1741446971235,"deep-water"
"PERISTEDION GRACILE","year",-0.0141014592003992,0.00678910636137546,-2.07707148036819,0.0459047067497579,-0.027930416320182,-0.000272502080616457,"deep-water"
"PHYSICULUS FULVUS","(Intercept)",44.5021500855535,28.1536198144065,1.58069016982254,0.127039515732606,-13.6040653540224,102.608365525129,"subtropical"
"PHYSICULUS FULVUS","year",-0.00838523872962336,0.0140625382641252,-0.596282020509403,0.556569725796033,-0.0374088912257904,0.0206384137665437,"subtropical"
"POGONIAS CROMIS","(Intercept)",20.5590760552464,51.42990662512,0.399749433828539,0.695373364588482,-89.7471030351667,130.865255145659,"subtropical"
"POGONIAS CROMIS","year",0.00412840204796243,0.0257106453326016,0.160571700731585,0.874724662057854,-0.0510154477991774,0.0592722518951023,"subtropical"
"POLYDACTYLUS OCTONEMUS","(Intercept)",62.1604315055893,23.5275886647233,2.64202304755485,0.0135427635845402,13.8858071041143,110.435055907064,"subtropical"
"POLYDACTYLUS OCTONEMUS","year",-0.0168913747229362,0.0117537202903759,-1.43710878816531,0.162175478834755,-0.0410080166969031,0.00722526725103071,"subtropical"
"POMATOMUS SALTATRIX","(Intercept)",25.3447899761919,14.4638624288568,1.75228367255668,0.0902940532425774,-4.23713020303563,54.9267101554194,"subtropical"
"POMATOMUS SALTATRIX","year",0.00182756902938334,0.00722529322859578,0.252940465052727,0.802098637304121,-0.0129498148548415,0.0166049529136081,"subtropical"
"PONTINUS LONGISPINIS","(Intercept)",71.6121361776267,13.9307316193106,5.14058687903793,1.12874447128844e-05,43.3014833335041,99.9227890217493,"tropical"
"PONTINUS LONGISPINIS","year",-0.0218239920207596,0.00695955558035686,-3.13583127094454,0.00352453047531925,-0.0359675106362314,-0.00768047340528793,"tropical"
"PORICHTHYS PLECTRODON","(Intercept)",42.5836307658774,6.97326350229453,6.10670036373434,5.00616366348815e-07,28.441196889618,56.7260646421369,"tropical"
"PORICHTHYS PLECTRODON","year",-0.00711047499712563,0.00348213432907313,-2.04198756428167,0.0485314645608666,-0.0141725707405269,-4.83792537243326e-05,"tropical"
"PRIACANTHUS ARENATUS","(Intercept)",24.6171216424832,13.9063464890992,1.77020770061928,0.085403644646684,-3.61426261803332,52.8485059029997,"subtropical"
"PRIACANTHUS ARENATUS","year",0.00161410416082939,0.00694593892114614,0.232380989691031,0.817595611610243,-0.012486901512132,0.0157151098337908,"subtropical"
"PRIONOTUS ALATUS","(Intercept)",146.371386625508,23.1085274714497,6.33408540662525,1.04585664606524e-06,98.8711281242559,193.871645126761,"subtropical"
"PRIONOTUS ALATUS","year",-0.0587575110464139,0.011527530535457,-5.09714642400508,2.60105631558358e-05,-0.0824526894169004,-0.0350623326759275,"subtropical"
"PRIONOTUS LONGISPINOSUS","(Intercept)",56.7153050048142,5.86765252831121,9.66575725661411,3.76637907628184e-11,44.7774761758478,68.6531338337807,"tropical"
"PRIONOTUS LONGISPINOSUS","year",-0.0139585561513799,0.00292901489446498,-4.7656146022875,3.67411456118158e-05,-0.0199176817606259,-0.00799943054213393,"tropical"
"PRIONOTUS MARTIS","(Intercept)",-2.15236647935776,30.1423524571327,-0.0714067185837196,0.943861480147345,-65.4790991012614,61.1743661425459,"subtropical"
"PRIONOTUS MARTIS","year",0.0158242869111585,0.015064556339792,1.05043165920258,0.307418869086498,-0.0158251715295634,0.0474737453518804,"subtropical"
"PRIONOTUS OPHRYAS","(Intercept)",43.7793924880426,14.4708396519578,3.02535260848665,0.00456335886510848,14.431169400757,73.1276155753283,"subtropical"
"PRIONOTUS OPHRYAS","year",-0.00749974644485111,0.00722979286094599,-1.03733904817154,0.306495627974237,-0.022162445974467,0.00716295308476473,"subtropical"
"PRIONOTUS PARALATUS","(Intercept)",52.8005926508356,7.23658848974826,7.29633759410747,1.34644089960879e-08,38.124110947213,67.4770743544582,"subtropical"
"PRIONOTUS PARALATUS","year",-0.012402333136068,0.00361362699075351,-3.43210109062251,0.00152062524798868,-0.0197311083577963,-0.00507355791433982,"subtropical"
"PRIONOTUS ROSEUS","(Intercept)",-6.89988621850177,15.684956294901,-0.439904714350072,0.662635921313023,-38.7104519858309,24.9106795488274,"tropical"
"PRIONOTUS ROSEUS","year",0.0178760296972417,0.00783575558157535,2.28134090084109,0.0285464094819664,0.00198438080909968,0.0337676785853838,"tropical"
"PRIONOTUS RUBIO","(Intercept)",19.5756832799846,12.2882886543773,1.59303576198232,0.120407780196013,-5.39712386678481,44.548490426754,"subtropical"
"PRIONOTUS RUBIO","year",0.00479681379920666,0.00613340966974268,0.782079472511071,0.439580729278452,-0.00766777432552411,0.0172614019239374,"subtropical"
"PRIONOTUS SCITULUS","(Intercept)",4.95852294644123,21.0921013837016,0.235089091230749,0.815685612943474,-38.0591014383745,47.9761473312569,"subtropical"
"PRIONOTUS SCITULUS","year",0.0122479803511313,0.0105368096117405,1.16239932222788,0.25394423411798,-0.00924198453413227,0.0337379452363949,"subtropical"
"PRIONOTUS STEARNSI","(Intercept)",63.065696949434,10.1173413724856,6.23342582083301,4.29311924353916e-07,42.5047854963071,83.6266084025609,"subtropical"
"PRIONOTUS STEARNSI","year",-0.0176401683551603,0.00505087894585371,-3.49249478046612,0.00134844888376475,-0.0279047893601,-0.00737554735022062,"subtropical"
"PRIONOTUS TRIBULUS","(Intercept)",37.2123388053565,10.5713661969037,3.52010687287098,0.00128304092118106,15.7047325628171,58.7199450478958,"subtropical"
"PRIONOTUS TRIBULUS","year",-0.00409684756084815,0.00527521235907192,-0.776622301053474,0.442913002315174,-0.0148293478026738,0.00663565268097747,"subtropical"
"PRISTIGENYS ALTA","(Intercept)",77.9697473862871,36.2117470413778,2.15316171564973,0.0443633480111691,2.17768977653451,153.76180499604,"subtropical"
"PRISTIGENYS ALTA","year",-0.0247392751437929,0.0181008733063552,-1.3667448373945,0.187661438247307,-0.0626248383797915,0.0131462880922057,"subtropical"
"PRISTIPOMOIDES AQUILONARIS","(Intercept)",41.4569445444982,7.08487588655214,5.85147082437788,1.09758627958123e-06,27.0881502612908,55.8257388277057,"subtropical"
"PRISTIPOMOIDES AQUILONARIS","year",-0.00684075303198333,0.00353786853654216,-1.93358033553992,0.061057751169862,-0.014015882987202,0.000334376923235314,"subtropical"
"PROGNATHODES AYA","(Intercept)",-6.66903014518808,33.8270627374221,-0.197150730968146,0.84862638764375,-84.6743766994941,71.3363164091179,"subtropical"
"PROGNATHODES AYA","year",0.017347081049607,0.0168896426625763,1.02708395885985,0.334431083725991,-0.0216005047724146,0.0562946668716285,"subtropical"
"PTEROIS VOLITANS","(Intercept)",54.9760618996335,297.231033668001,0.184960706226391,0.862259358458377,-770.269586640768,880.221710440035,"tropical"
"PTEROIS VOLITANS","year",-0.0130336533042978,0.147423759690056,-0.0884094485970227,0.933800665704497,-0.42234762928561,0.396280322677014,"tropical"
"RACHYCENTRON CANADUM","(Intercept)",60.0249868641879,24.9477714434006,2.40602600518317,0.0249702488662885,8.28647556349431,111.763498164881,"subtropical"
"RACHYCENTRON CANADUM","year",-0.0155106319819442,0.0124462500743036,-1.24620925092669,0.225795099752503,-0.0413225748074409,0.0103013108435525,"subtropical"
"REMORA REMORA","(Intercept)",-20.0188091046694,65.6858498450605,-0.304765929829478,0.769406004540701,-175.341162634782,135.303544425443,"subtropical"
"REMORA REMORA","year",0.0243017811009136,0.0329028246576259,0.738592548019466,0.484176681862011,-0.0535010360304137,0.102104598232241,"subtropical"
"RHINOBATOS LENTIGINOSUS","(Intercept)",27.1285765533617,18.0507368443286,1.5029068778367,0.193181071707203,-19.2723196985204,73.5294728052438,"subtropical"
"RHINOBATOS LENTIGINOSUS","year",-0.000449397669822781,0.00902594529520997,-0.0497895406103641,0.962217845124815,-0.0236513286951366,0.022752533355491,"subtropical"
"RHINOPTERA BONASUS","(Intercept)",35.4326242730104,11.4627076364694,3.09112169626304,0.00403474446744806,12.1115702364242,58.7536783095967,"tropical"
"RHINOPTERA BONASUS","year",-0.00310344642580112,0.00572668932509559,-0.541926800918142,0.591509686815044,-0.0147544834614479,0.00854759060984567,"tropical"
"RHINOPTERA BRASILIENSIS","(Intercept)",-40.3850750030971,30.8177494680256,-1.31044854670514,0.2602238873622,-125.948864666809,45.1787146606144,"tropical"
"RHINOPTERA BRASILIENSIS","year",0.0346922283163162,0.0153245598086532,2.26383196316848,0.0863139477766825,-0.00785557075372988,0.0772400273863623,"tropical"
"RHIZOPRIONODON TERRAENOVAE","(Intercept)",23.4380385498938,12.1769120406353,1.92479328681027,0.062413959460626,-1.28240712540686,48.1584842251945,"subtropical"
"RHIZOPRIONODON TERRAENOVAE","year",0.00263127937623308,0.0060816248911905,0.432660583858864,0.667915786199607,-0.00971507553201738,0.0149776342844835,"subtropical"
"RHOMBOPLITES AURORUBENS","(Intercept)",74.2353420013547,18.4814011019381,4.01675942164199,0.000287083733159641,36.7533232968005,111.717360705909,"subtropical"
"RHOMBOPLITES AURORUBENS","year",-0.0229273263954315,0.00922914148942143,-2.48423175890316,0.0177715128622152,-0.0416448928843269,-0.00420975990653617,"subtropical"
"RHYNCHOCONGER FLAVUS","(Intercept)",83.9467332678055,10.8610302676152,7.72916852263204,4.48904257274557e-09,61.8976696125528,105.995796923058,"tropical"
"RHYNCHOCONGER FLAVUS","year",-0.027852754788467,0.00542354080366095,-5.13552968379368,1.06482374654642e-05,-0.0388631279731683,-0.0168423816037657,"tropical"
"ROSTRORAJA EGLANTERIA","(Intercept)",32.5963738362576,11.3548272245513,2.87070628127023,0.00978816977404102,8.83044732162141,56.3623003508937,"subtropical"
"ROSTRORAJA EGLANTERIA","year",-0.00141001175371599,0.00567960957778094,-0.248258570313012,0.806597793638687,-0.0132975712196593,0.0104775477122273,"subtropical"
"ROSTRORAJA TEXANA","(Intercept)",72.477879363264,10.2121929187551,7.09719057795664,2.10462079156262e-08,51.7860110402833,93.1697476862448,"subtropical"
"ROSTRORAJA TEXANA","year",-0.0221063222812477,0.00510078296856028,-4.33390764074938,0.000107889439908825,-0.0324414902876918,-0.0117711542748036,"subtropical"
"RYPTICUS MACULATUS","(Intercept)",62.00066177068,17.6632410553395,3.51015204833756,0.0012845326066941,26.104637119211,97.8966864221489,"subtropical"
"RYPTICUS MACULATUS","year",-0.0168748225736237,0.00881691957959618,-1.91391363177167,0.0640796123867265,-0.0347929589783539,0.00104331383110652,"subtropical"
"RYPTICUS SAPONACEUS","(Intercept)",-231.772149122856,77.2669368971747,-2.99962905778566,0.0399565814984732,-446.299557864644,-17.2447403810689,"tropical"
"RYPTICUS SAPONACEUS","year",0.130631161236449,0.0387432220239692,3.37171650709978,0.0279991915874273,0.0230627320884083,0.23819959038449,"tropical"
"SARDINELLA AURITA","(Intercept)",3.93690099006661,23.5670396383364,0.167051146452118,0.868291232808018,-43.9067330251102,51.7805350052434,"subtropical"
"SARDINELLA AURITA","year",0.0119660072461461,0.0117656981478545,1.01702483743629,0.316120747661969,-0.0119196298452137,0.0358516443375059,"subtropical"
"SARDINELLA BRASILIENSIS","(Intercept)",371.058949048964,70.9874538187455,5.22710604604019,0.00639631792578616,173.966180363453,568.151717734474,"subtropical"
"SARDINELLA BRASILIENSIS","year",-0.171344744954864,0.0354875260059598,-4.82830910574291,0.00847168146800004,-0.269873912829691,-0.0728155770800376,"subtropical"
"SAURIDA BRASILIENSIS","(Intercept)",68.2430478875505,12.1450545482836,5.61899887861723,2.45500256672666e-06,43.5872763600472,92.8988194150539,"subtropical"
"SAURIDA BRASILIENSIS","year",-0.0199526043680813,0.00606318089471833,-3.29078163995769,0.00228614830998858,-0.032261515972865,-0.00764369276329765,"subtropical"
"SAURIDA CARIBBAEA","(Intercept)",66.7574318438418,51.5345763332318,1.29539110619977,0.221710574698633,-46.6694058972113,180.184269584895,"tropical"
"SAURIDA CARIBBAEA","year",-0.0193298416273186,0.0258096734175113,-0.748937861964722,0.469607207140731,-0.0761365498060727,0.0374768665514354,"tropical"
"SAURIDA NORMANI","(Intercept)",192.822776124035,48.4213943034697,3.98218140757293,0.00259181568716902,84.9331862091274,300.712366038943,"tropical"
"SAURIDA NORMANI","year",-0.0820280499238991,0.0240699196990523,-3.40790708691599,0.0066817266462935,-0.135659173169547,-0.028396926678251,"tropical"
"SCIAENOPS OCELLATUS","(Intercept)",10.1029483107481,53.2524535950498,0.18971798722317,0.8542553959402,-112.697429889205,132.903326510701,"subtropical"
"SCIAENOPS OCELLATUS","year",0.00945285513763282,0.0265477076087227,0.35607048551819,0.730995244342451,-0.0517662683882728,0.0706719786635384,"subtropical"
"SCOMBER COLIAS","(Intercept)",21.3783723301251,22.4937275375706,0.950414834287353,0.349755681492428,-24.6264659917711,67.3832106520212,"temperate"
"SCOMBER COLIAS","year",0.00342690725839046,0.0112492396050628,0.304634568975503,0.762819998016867,-0.0195803710333372,0.0264341855501181,"temperate"
"SCOMBEROMORUS CAVALLA","(Intercept)",15.1209683536685,25.0209084275458,0.604333307779571,0.549754760078499,-35.7844525982525,66.0263893055896,"tropical"
"SCOMBEROMORUS CAVALLA","year",0.00664597000066075,0.0124976109034311,0.531779237809056,0.598440913488223,-0.0187806105639395,0.032072550565261,"tropical"
"SCOMBEROMORUS MACULATUS","(Intercept)",18.9273700793359,19.0525578331266,0.993429346605994,0.327518624388534,-19.792085965494,57.6468261241658,"subtropical"
"SCOMBEROMORUS MACULATUS","year",0.00501249619159943,0.00951861129312889,0.526599525628046,0.601890604346645,-0.0143316493451914,0.0243566417283902,"subtropical"
"SCORPAENA AGASSIZII","(Intercept)",74.1873943889887,55.0610248483109,1.34736675522059,0.219842383543359,-56.0112402848801,204.386029062858,"subtropical"
"SCORPAENA AGASSIZII","year",-0.0228473408911512,0.0275470957936416,-0.82939200060519,0.434250561140882,-0.0879858716657457,0.0422911898834433,"subtropical"
"SCORPAENA BRASILIENSIS","(Intercept)",59.2762030720372,31.9316068536426,1.85634889417647,0.077490377253338,-7.12920862519927,125.681614769274,"tropical"
"SCORPAENA BRASILIENSIS","year",-0.0153582630396731,0.0159637821408723,-0.962069195391433,0.346962785438219,-0.0485567653940477,0.0178402393147014,"tropical"
"SCORPAENA CALCARATA","(Intercept)",50.037944447327,10.8369304393775,4.61735403094468,5.06719411159296e-05,28.0378060444492,72.0380828502048,"tropical"
"SCORPAENA CALCARATA","year",-0.0107085086598497,0.00541231230329919,-1.97854596330705,0.0557794532741247,-0.0216960867769442,0.000279069457244849,"tropical"
"SCORPAENA DISPAR","(Intercept)",-13.7597184637722,37.84313350477,-0.36359881408969,0.722482668857868,-96.2128232587748,68.6933863312304,"tropical"
"SCORPAENA DISPAR","year",0.020749854902524,0.0189375595109157,1.09569846582204,0.294714194346871,-0.0205115427224458,0.0620112525274938,"tropical"
"SCORPAENA PLUMIERI","(Intercept)",-44.6100820895524,91.8102562881207,-0.485894320451041,0.652458915238857,-299.51621876766,210.296054588555,"subtropical"
"SCORPAENA PLUMIERI","year",0.0359701492537314,0.0458661813586228,0.784241203175051,0.476737804279415,-0.0913747854735311,0.163315083980994,"subtropical"
"SELAR CRUMENOPHTHALMUS","(Intercept)",-3.2411569390426,16.1300032722968,-0.200939633075542,0.841846317506165,-35.9236479980051,29.44133411992,"subtropical"
"SELAR CRUMENOPHTHALMUS","year",0.0156403248885199,0.00805660905828077,1.94130368935358,0.059866894111102,-0.000683915662940619,0.0319645654399805,"subtropical"
"SELENE SETAPINNIS","(Intercept)",9.61962021568691,7.60543299668798,1.26483531179304,0.214531421103288,-5.83647923281604,25.0757196641899,"subtropical"
"SELENE SETAPINNIS","year",0.00933448307543023,0.00379602050348785,2.45901808666564,0.0191775009184559,0.00162004124995956,0.0170489249009009,"subtropical"
"SELENE VOMER","(Intercept)",-0.0541426694285895,24.8651405501923,-0.00217745278050201,0.998277060604771,-50.8355343371452,50.7272489982881,"subtropical"
"SELENE VOMER","year",0.0141475749022549,0.0124139654505987,1.13964993366182,0.263450084014687,-0.011205124810978,0.0395002746154878,"subtropical"
"SERIOLA DUMERILI","(Intercept)",11.845927120026,20.1044578261587,0.589218929575547,0.560276916198328,-29.2723059650407,52.9641602050926,"subtropical"
"SERIOLA DUMERILI","year",0.00839315314334443,0.0100401055179733,0.835962642854638,0.410011186569496,-0.0121411682721548,0.0289274745588436,"subtropical"
"SERIOLA FASCIATA","(Intercept)",99.7493771168583,55.2392921689338,1.80576856075206,0.104432524896322,-25.210583330998,224.709337564715,"subtropical"
"SERIOLA FASCIATA","year",-0.0357930695976533,0.0276030450219648,-1.29670728606831,0.226989421688653,-0.0982354956091322,0.0266493564138256,"subtropical"
"SERIOLA RIVOLIANA","(Intercept)",82.0839112088569,71.8459374618021,1.14249899310588,0.296779109721884,-93.7167646230468,257.884587040761,"subtropical"
"SERIOLA RIVOLIANA","year",-0.0266864608785928,0.0358260008609877,-0.744890868007897,0.484481634292025,-0.114349526964473,0.0609766052072879,"subtropical"
"SERIOLA ZONATA","(Intercept)",29.0367328249017,78.4609866739036,0.370078609202086,0.719041537283823,-145.7852399484,203.858705598204,"subtropical"
"SERIOLA ZONATA","year",-0.000147661413656283,0.0392168702917472,-0.00376525236608076,0.997069825089153,-0.0875282937640045,0.087232970936692,"subtropical"
"SERRANICULUS PUMILIO","(Intercept)",47.610095673885,36.4479454771187,1.30624909170185,0.201394774719112,-26.8265394628038,122.046730810574,"tropical"
"SERRANICULUS PUMILIO","year",-0.00945338810731547,0.0182205926339283,-0.518829891938447,0.607685746057222,-0.0466648025810724,0.0277580263664414,"tropical"
"SERRANUS ATROBRANCHUS","(Intercept)",74.5432933590996,9.50214925720129,7.84488765029726,2.64422556292692e-09,55.2720414541489,93.8145452640504,"tropical"
"SERRANUS ATROBRANCHUS","year",-0.0232454080478764,0.00474494619593679,-4.89898243056623,2.04495520295593e-05,-0.0328686049628309,-0.013622211132922,"tropical"
"SERRANUS NOTOSPILUS","(Intercept)",61.7944789850489,28.188826482485,2.19216216834867,0.0507762594857656,-0.248709783298871,123.837667753397,"subtropical"
"SERRANUS NOTOSPILUS","year",-0.0162515043536287,0.014045063880363,-1.15709721878522,0.271742002178515,-0.0471644815268467,0.0146614728195892,"subtropical"
"SERRANUS PHOEBE","(Intercept)",49.6339339764823,26.403092990778,1.87985301547127,0.0713785358915426,-4.63840093728718,103.906268890252,"subtropical"
"SERRANUS PHOEBE","year",-0.010625009803019,0.0131947311740853,-0.805246401979506,0.427980541708831,-0.0377471681663301,0.0164971485602921,"subtropical"
"SERRANUS SUBLIGARIUS","(Intercept)",84.1202650319567,25.0620627020808,3.35647811722108,0.0283974922970853,14.5368237166044,153.703706347309,"subtropical"
"SERRANUS SUBLIGARIUS","year",-0.027643667666624,0.0125591227257614,-2.20108269265663,0.0925409084130589,-0.0625133824841427,0.00722604715089471,"subtropical"
"SPHOEROIDES DORSALIS","(Intercept)",-3.42604060498395,19.2276782044749,-0.17818275137279,0.859702696027869,-42.5915394569999,35.739458247032,"subtropical"
"SPHOEROIDES DORSALIS","year",0.0158533852753876,0.00959943730334353,1.65149110040708,0.108419701444191,-0.00370002864624756,0.0354067991970228,"subtropical"
"SPHOEROIDES NEPHELUS","(Intercept)",50.2879275673363,44.4476093438963,1.13139780315861,0.279991733364373,-46.5550939191819,147.130949053855,"subtropical"
"SPHOEROIDES NEPHELUS","year",-0.0105773348529639,0.0222321422962145,-0.475767684105052,0.642783910238778,-0.0590170117189435,0.0378623420130156,"subtropical"
"SPHOEROIDES PARVUS","(Intercept)",58.0997299774922,8.03871471930523,7.22748996651964,2.30518420207903e-08,41.7630961272127,74.4363638277718,"subtropical"
"SPHOEROIDES PARVUS","year",-0.0147019586437451,0.00401322158420094,-3.66338073671862,0.000839865586598267,-0.0228578061729128,-0.00654611111457738,"subtropical"
"SPHOEROIDES SPENGLERI","(Intercept)",51.2132525876392,17.277188920533,2.96421210783745,0.00589643932111769,15.9285255329216,86.4979796423567,"subtropical"
"SPHOEROIDES SPENGLERI","year",-0.0115048778999115,0.00862080918529609,-1.33454733223124,0.192065825390738,-0.0291109190500704,0.00610116325024742,"subtropical"
"SPHYRAENA BOREALIS","(Intercept)",-22.0744362614038,54.2030861466942,-0.407254232750916,0.694500671623421,-147.066977056508,102.918104533701,"subtropical"
"SPHYRAENA BOREALIS","year",0.0253333189254172,0.0270887233210313,0.935197965042111,0.377052104090531,-0.0371333890702824,0.0878000269211169,"subtropical"
"SPHYRAENA GUACHANCHO","(Intercept)",36.5550868294309,15.4528221859762,2.3655929246766,0.023352616201663,5.24469498367689,67.865478675185,"subtropical"
"SPHYRAENA GUACHANCHO","year",-0.00403130878872388,0.00771837085819828,-0.522300478013688,0.604574459483511,-0.0196702136484687,0.011607596071021,"subtropical"
"SPHYRNA LEWINI","(Intercept)",11.4571893351969,44.9068688403104,0.255132224336077,0.801871500254379,-83.741119890811,106.655498561205,"tropical"
"SPHYRNA LEWINI","year",0.00867129981352679,0.0224850849348888,0.385646744881628,0.70483748473684,-0.0389949508933839,0.0563375505204375,"tropical"
"SPHYRNA TIBURO","(Intercept)",33.8315190625727,20.1656998481631,1.6776764167525,0.104157538837925,-7.41196802124147,75.0750061463869,"subtropical"
"SPHYRNA TIBURO","year",-0.0026373904547252,0.0100675850324946,-0.26196853030917,0.795197547058662,-0.0232279137878746,0.0179531328784242,"subtropical"
"SQUATINA DUMERIL","(Intercept)",66.1655383281483,13.9127353510758,4.75575339130072,3.55352651451399e-05,37.8914583013339,94.4396183549626,"subtropical"
"SQUATINA DUMERIL","year",-0.0192088397284018,0.00694767724828956,-2.76478584740401,0.00913524636571478,-0.0333282186687499,-0.0050894607880537,"subtropical"
"STEINDACHNERIA ARGENTEA","(Intercept)",7.08125883990684,16.6875362217914,0.424344177941606,0.673840064057263,-26.7626332626522,40.9251509424659,"deep-water"
"STEINDACHNERIA ARGENTEA","year",0.0108616269226864,0.00833496678312773,1.30313979711032,0.200800631057856,-0.00604246920854632,0.027765723053919,"deep-water"
"STELLIFER LANCEOLATUS","(Intercept)",38.1149724265586,5.96211165821737,6.39286457743978,2.35330271242312e-07,26.0112422800977,50.2187025730195,"subtropical"
"STELLIFER LANCEOLATUS","year",-0.00445649932135874,0.00297678612703536,-1.49708414752559,0.143336021468345,-0.0104996964385589,0.00158669779584138,"subtropical"
"STENOTOMUS CAPRINUS","(Intercept)",41.6724013381793,8.03915759679636,5.18367762248945,8.56151961327586e-06,25.3682340431802,57.9765686331784,"subtropical"
"STENOTOMUS CAPRINUS","year",-0.00656052509154937,0.004014393925516,-1.63425045306337,0.110922430969095,-0.0147020933294607,0.001581043146362,"subtropical"
"STEPHANOLEPIS HISPIDA","(Intercept)",350.053771382513,98.6078621249765,3.54995802402502,0.00750989970153661,122.663633558675,577.443909206351,"subtropical"
"STEPHANOLEPIS HISPIDA","year",-0.159398115103019,0.0489635535858455,-3.25544417080663,0.011606125644795,-0.272308272146269,-0.0464879580597683,"subtropical"
"STEPHANOLEPIS SETIFER","(Intercept)",-126.949457091726,125.077395635692,-1.01496722446545,0.367523152651414,-474.219979975331,220.32106579188,"subtropical"
"STEPHANOLEPIS SETIFER","year",0.0771484018264799,0.062072963194404,1.24286642454722,0.281795146220915,-0.0951937729997458,0.249490576652706,"subtropical"
"SYACIUM GUNTERI","(Intercept)",54.1209324323365,9.92982578529614,5.45034058024236,5.35784007015862e-06,33.8945391955169,74.3473256691561,"tropical"
"SYACIUM GUNTERI","year",-0.0128945949167991,0.00495682208952956,-2.60138344364562,0.0139441070053398,-0.0229913111085614,-0.00279787872503673,"tropical"
"SYACIUM MICRURUM","(Intercept)",17.7986591767918,42.1999443983264,0.421769730518832,0.680084107354114,-73.3687780058251,108.966096359409,"tropical"
"SYACIUM MICRURUM","year",0.00520695591144676,0.0210969435986813,0.246810913016434,0.808909238066562,-0.0403702197863077,0.0507841316092012,"tropical"
"SYACIUM PAPILLOSUM","(Intercept)",31.4796548021207,12.5010731425667,2.51815619692129,0.0163841475230647,6.12630335586325,56.8330062483782,"tropical"
"SYACIUM PAPILLOSUM","year",-0.00115091923693879,0.00624255522762268,-0.184366688795333,0.854760459698737,-0.0138114080448695,0.0115095695709919,"tropical"
"SYMPHURUS CIVITATIUM","(Intercept)",68.144466540702,14.925471395519,4.56564920027657,6.23659825202664e-05,37.8122592481799,98.476673833224,"subtropical"
"SYMPHURUS CIVITATIUM","year",-0.0195947351436199,0.00745547720800631,-2.6282335250891,0.0127885573744279,-0.0347460877639341,-0.00444338252330567,"subtropical"
"SYMPHURUS DIOMEDEANUS","(Intercept)",59.3410446121775,11.9428591104123,4.96874693601981,1.65289727896838e-05,35.1198036957956,83.5622855285595,"subtropical"
"SYMPHURUS DIOMEDEANUS","year",-0.0153739326955491,0.00596536593828165,-2.57719859177283,0.0142037903568889,-0.0274722555686312,-0.00327560982246694,"subtropical"
"SYMPHURUS PLAGIUSA","(Intercept)",83.195226385553,13.9972463384995,5.94368523448244,1.13856860435985e-06,54.717614587709,111.672838183397,"subtropical"
"SYMPHURUS PLAGIUSA","year",-0.0272486803782111,0.00698456178514568,-3.90127272353175,0.000444890773101804,-0.04145887817607,-0.0130384825803521,"subtropical"
"SYMPHURUS UROSPILUS","(Intercept)",30.1965451519592,78.5471201092605,0.384438603349877,0.710670983969966,-150.933438628374,211.326528932292,"subtropical"
"SYMPHURUS UROSPILUS","year",-0.00146011128942681,0.0392260605573266,-0.0372229907536328,0.971219288606969,-0.0919155691423909,0.0889953465635373,"subtropical"
"SYNAGROPS BELLUS","(Intercept)",135.606213951759,53.8333543371239,2.51899989553956,0.0256524082958714,19.3063225695814,251.906105333937,"deep-water"
"SYNAGROPS BELLUS","year",-0.0534344187836717,0.0268743495844299,-1.98830556310951,0.0682536164055664,-0.111492921288698,0.00462408372135445,"deep-water"
"SYNAGROPS SPINOSA","(Intercept)",412.117162134853,138.256738578747,2.98081067419454,0.0175786523715395,93.2965512524211,730.937773017284,"deep-water"
"SYNAGROPS SPINOSA","year",-0.19274120156001,0.0694267750794943,-2.77617967044155,0.0240660261190481,-0.352839631987213,-0.0326427711328067,"deep-water"
"SYNGNATHUS LOUISIANAE","(Intercept)",67.3014798564267,39.3113287576943,1.71201233800203,0.100956958506515,-14.2252261176765,148.82818583053,"subtropical"
"SYNGNATHUS LOUISIANAE","year",-0.0191506393310597,0.0196423178660351,-0.974968405545172,0.340175243771396,-0.05988631334464,0.0215850346825206,"subtropical"
"SYNODUS FOETENS","(Intercept)",35.1874728798235,5.46494532041449,6.43876028336084,2.04933291905308e-07,24.0930440573954,46.2819017022516,"tropical"
"SYNODUS FOETENS","year",-0.00340402564181807,0.00272826704282694,-1.24768785033995,0.220428955641353,-0.00894270219584516,0.00213465091220902,"tropical"
"SYNODUS INTERMEDIUS","(Intercept)",16.0732408835182,40.9137744623607,0.392856466916907,0.69930799919787,-70.2472778251293,102.393759592166,"subtropical"
"SYNODUS INTERMEDIUS","year",0.00635090388690824,0.0204485310050938,0.310579957324377,0.759895529920367,-0.0367917253714463,0.0494935331452627,"subtropical"
"SYNODUS POEYI","(Intercept)",45.5354146185472,10.5777890361829,4.30481402708888,0.000128149403163145,24.0613612328327,67.0094680042617,"subtropical"
"SYNODUS POEYI","year",-0.00874875662713768,0.0052821020692038,-1.65630207680868,0.106600366542027,-0.0194719939156559,0.00197448066138049,"subtropical"
"TRACHINOCEPHALUS MYOPS","(Intercept)",26.7606533377262,15.6188939293631,1.71335137166255,0.0950163713118999,-4.8862318228005,58.4075384982528,"tropical"
"TRACHINOCEPHALUS MYOPS","year",0.00118935180603582,0.00780132032135141,0.152455194383019,0.879656269390384,-0.0146176246307622,0.0169963282428339,"tropical"
"TRACHINOTUS CAROLINUS","(Intercept)",31.2593765818326,22.330199619352,1.39987000182221,0.174896893352954,-14.9341608029164,77.4529139665816,"subtropical"
"TRACHINOTUS CAROLINUS","year",-0.000980867323400133,0.0111614238419946,-0.0878801250884891,0.930732632318496,-0.0240700316972549,0.0221082970504547,"subtropical"
"TRACHINOTUS FALCATUS","(Intercept)",-39.4319759712834,103.907515827204,-0.37949108548469,0.723610208147987,-327.925489682987,249.06153774042,"subtropical"
"TRACHINOTUS FALCATUS","year",0.0335629388651695,0.0519743622527582,0.645759513160516,0.55361321784386,-0.110741024807278,0.177866902537617,"subtropical"
"TRACHURUS LATHAMI","(Intercept)",32.5861224328356,11.9918612275612,2.71735319601115,0.0100533975588194,8.2655006166287,56.9067442490425,"subtropical"
"TRACHURUS LATHAMI","year",-0.00225021613368029,0.00598819643574802,-0.375775270204409,0.709289273841535,-0.0143948414017134,0.00989440913435278,"subtropical"
"TRICHIURUS LEPTURUS","(Intercept)",34.521957000599,9.91711476262912,3.48104845279081,0.00139150726400933,14.3679549759723,54.6759590252257,"subtropical"
"TRICHIURUS LEPTURUS","year",-0.00292448379316675,0.00495119475572887,-0.59066224163025,0.558652905903829,-0.0129865221500594,0.00713755456372592,"subtropical"
"TRICHOPSETTA VENTRALIS","(Intercept)",59.9193893585225,10.5554897649319,5.67660910984828,1.88043063131953e-06,38.5118638888537,81.3269148281914,"tropical"
"TRICHOPSETTA VENTRALIS","year",-0.0159514465522746,0.00527093709545824,-3.02630182515731,0.00455199003152951,-0.0266414024551188,-0.00526149064943045,"tropical"
"TRINECTES MACULATUS","(Intercept)",61.64970427727,16.7937211595309,3.67099725496408,0.000822183457876561,27.5207566598006,95.7786518947394,"subtropical"
"TRINECTES MACULATUS","year",-0.0162502840833936,0.00838567807636459,-1.93786166549796,0.0609812870069185,-0.0332920323109915,0.000791464144204303,"subtropical"
"UMBRINA COROIDES","(Intercept)",24.4956262228633,37.9584477200515,0.645327395986311,0.533240951211446,-60.0810659032731,109.072318349,"subtropical"
"UMBRINA COROIDES","year",0.0010530003709404,0.0189695514595166,0.0555100300177172,0.956825552937396,-0.0412137942407614,0.0433197949826422,"subtropical"
"UPENEUS PARVUS","(Intercept)",24.2160578412475,10.8696609964512,2.22785769024017,0.0322287517042588,2.1713635816536,46.2607521008414,"tropical"
"UPENEUS PARVUS","year",0.00174285292668544,0.00542782008577128,0.32109629632976,0.749994173596603,-0.00926527642766849,0.0127509822810394,"tropical"
"UROCONGER SYRINGINUS","(Intercept)",-5.51647713120215,70.935825848982,-0.0777671517202942,0.941029448258895,-187.862822554456,176.829868292052,"subtropical"
"UROCONGER SYRINGINUS","year",0.0164436691701377,0.0352282035098097,0.466775694808245,0.660292535702156,-0.0741133108742785,0.107000649214554,"subtropical"
"UROPHYCIS CIRRATA","(Intercept)",61.0890704649256,16.6904970990556,3.66011090636613,0.000802251940774973,27.2391734249494,94.9389675049019,"deep-water"
"UROPHYCIS CIRRATA","year",-0.0165409334828911,0.00833448397565834,-1.9846379849311,0.0548465413149771,-0.0334440504351915,0.000362183469409291,"deep-water"
"UROPHYCIS FLORIDANA","(Intercept)",69.0172009222656,10.6850275339018,6.4592440874191,1.9267346162271e-07,47.3254418121183,90.7089600324129,"subtropical"
"UROPHYCIS FLORIDANA","year",-0.0204541299995667,0.00533429096967282,-3.83446087134262,0.000502546538822051,-0.0312833163886937,-0.00962494361043971,"subtropical"
"UROPHYCIS REGIA","(Intercept)",148.739641801075,39.8252914359061,3.73480359937738,0.00284884573066063,61.9677858752865,235.511497726864,"subtropical"
"UROPHYCIS REGIA","year",-0.0601079341715294,0.0199623006021697,-3.01107248956046,0.0108413017411793,-0.103602050833211,-0.0166138175098482,"subtropical"
"XYRICHTYS NOVACULA","(Intercept)",-45.863247148756,31.5035520765886,-1.45581193629396,0.162665295839667,-112.049754052342,20.3232597548302,"subtropical"
"XYRICHTYS NOVACULA","year",0.037608931028028,0.0157149287362716,2.39319768222829,0.0278123038893322,0.00459309088517772,0.0706247711708783,"subtropical"
