species,latitude_year_coef,latitude_year_SE,latitude_pvalue,latitude_rsquared,latitude_rsquared_adj,longitude_year_coef,longitude_year_SE,longitude_pvalue,longitude_rsquared,longitude_rsquared_adj
NA,NA,NA,NA,NA,NA,NA,NA,NA,NA,NA
ABUDEFDUF SAXATILIS,NA,NA,NA,NA,NA,NA,NA,NA,NA,NA
ACANTHOSTRACION POLYGONIA,-0.05720943657770381,0.13018372135386272,0.6696787879193762,0.018945886905464983,-0.07915952440398866,0.04676867403270576,0.06389897185985226,0.4810208712907994,0.05084625144220458,-0.04406912341357505
ACANTHOSTRACION QUADRICORNIS,-0.028991437834268465,0.02693756518788628,0.30709670510561216,0.10380651583660114,0.01418716742026116,-0.007213097284245915,0.0194274402847009,0.7181713300110288,0.013597731957910293,-0.08504249484629889
ACANTHURUS CHIRURGUS,-0.3500016583747653,NA,NA,1,NA,0.9227960199004409,NA,NA,1,NA
ACHIRUS LINEATUS,0.20992031676924305,0.18912428604688108,0.3095094708019988,0.1703551653024195,0.03208102618615605,-0.27351938580863316,0.9392121246840088,0.7806867553137978,0.013938042924380098,-0.15040561658822327
ALOSA CHRYSOCHLORIS,NA,NA,NA,NA,NA,NA,NA,NA,NA,NA
ALUTERUS HEUDELOTII,0.030864108330526233,0.0468851544610851,0.5252156155123792,0.0415348909871083,-0.054311619914180875,-0.0065932392319965685,0.041927912334993135,0.8781761476654261,0.0024667128022830298,-0.09728661591748877
ALUTERUS HEUDELOTTII,NA,NA,NA,NA,NA,NA,NA,NA,NA,NA
ALUTERUS MONOCEROS,-0.00537250048163436,0.14950083657208382,0.9723365011376193,1.8445376562615644e-4,-0.14264633855357012,0.010080896764712998,0.18220708220379855,0.9574242928221747,4.3709910400372115e-4,-0.14235760102399575
ALUTERUS SCHOEPFII,-0.034077741431938355,0.02999499213365551,0.28240263788098185,0.11431970249387602,0.02575167274326351,-0.004029032445429251,0.015941713805852926,0.8055920948205124,0.006346967513294303,-0.09301833573537621
ALUTERUS SCRIPTUS,-0.11104611435461616,0.0715292945679585,0.16449505957197874,0.2561200870863616,0.14985152809869895,0.15454967841521433,0.08643554469533515,0.11691346499416709,0.31352796077236317,0.21546052659698645
ANARCHIAS SIMILIS,NA,NA,NA,NA,NA,NA,NA,NA,NA,NA
ANCHOA CUBANA,0.049000000000001556,NA,NA,1,NA,0.49333333333329454,NA,NA,1,NA
ANCHOA HEPSETUS,-4.385987279372574e-4,0.025429752649058213,0.9865784667510885,2.974661446586736e-5,-0.09996727872408773,0.11386850322031415,0.09822485339298714,0.27328083100364303,0.11846835366081522,0.03031518902689667
ANCHOA LYOLEPIS,0.05335858899128699,0.06658463475368034,0.44356209847768424,0.06660167297125585,-0.037109252254160285,0.4535775272829351,0.2173550111210031,0.06652714876924518,0.3260827409795773,0.25120304553286354
ANCHOA MITCHILLI,0.04565288734178847,0.0318547639468081,0.1823275274405289,0.17039572634484232,0.08743529897932656,0.33145487632398235,0.10264199274957234,0.00903268925590145,0.5104744668877712,0.46152191357654826
ANCHOVIELLA PERFASCIATA,0.004999999999998392,NA,NA,1,NA,-1.4563749999997537,NA,NA,1,NA
ANCYLOPSETTA DILECTA,0.04286155247805773,0.010962540423073368,0.002914136704563599,0.6045349904382541,0.5649884894820795,0.21027094036268681,0.056406515428451445,0.003924687002549778,0.5815256157208559,0.5396781772929415
ANCYLOPSETTA OMMATA,0.09086035737659129,0.2881274184699738,0.8055271560849987,0.09044956660656435,-0.8191008667868713,1.1812458059244575,1.1749916140022196,0.4983102157474638,0.5026542944299666,0.005308588859933128
ANCYLOPSETTA QUADROCELLATA,0.03232218992221771,0.02882266221224147,0.29910159625609894,0.15229334453885687,0.03119239375869365,0.037268681320483915,0.18167687273088218,0.8433026214908294,0.005975685454052668,-0.13602778805251114
ANISOTREMUS VIRGINICUS,0.02947126973050234,0.024940491319373828,0.2759224997149793,0.16630229771422678,0.047202625959116395,-0.02031490165845213,0.014824254954328889,0.21289507648330294,0.21152956290833808,0.0988909290381006
ANTENNARIUS MULTIOCELLATUS,NA,NA,NA,NA,NA,NA,NA,NA,NA,NA
ANTENNARIUS STRIATUS,-0.1562276092104615,0.08079899641990038,0.08195369036242044,0.2721213519843397,0.19933348718277366,0.35730701379738605,0.21186434676866864,0.12259740471168967,0.22144132606290023,0.14358545866919015
ANTHIAS TENUIS,NA,NA,NA,NA,NA,NA,NA,NA,NA,NA
APLATOPHIS CHAULIODUS,NA,NA,NA,NA,NA,NA,NA,NA,NA,NA
APOGON AFFINIS,0.1195651881163073,0.05723676429880952,0.06323962681954198,0.3038027290963407,0.23418300200597475,-0.13600444017902896,0.14442577634262754,0.3685430787542202,0.08145490392435649,-0.010399605683207858
APOGON AUROLINEATUS,-0.006353721056448091,0.0949828314582939,0.9479851319640673,4.472720641674888e-4,-0.09950800072941579,-0.029529658315618053,0.3251084947656637,0.9294211840406748,8.243318090519478e-4,-0.09909323501004286
APOGON MACULATUS,NA,NA,NA,NA,NA,NA,NA,NA,NA,NA
APOGON PHENAX,NA,NA,NA,NA,NA,NA,NA,NA,NA,NA
APOGON PSEUDOMACULATUS,-0.0013989157058689578,0.07869834943695003,0.986167478653124,3.159643774950229e-5,-0.0999652439184755,0.008421440941903016,0.05266134731389105,0.8761305470185892,0.00255081910167999,-0.09719409898815212
APOGON QUADRISQUAMATUS,-0.044876904724370295,0.05577282710326151,0.43973967752258925,0.06080722891857874,-0.03311204818956348,0.017835636813787727,0.030125087930682415,0.5669595506890756,0.033865552190281326,-0.06274789259069058
ARCHOSARGUS PROBATOCEPHALUS,-0.08379672627189952,0.26859578734106776,0.7656121845074915,0.015963049725434716,-0.14804310865365955,0.07589551700482988,0.48279191053989945,0.880242837191604,0.004101814057664112,-0.16188121693272528
ARIOMMA BONDI,0.37676217402733453,0.13151664105183267,0.10331055850806012,0.8040519544831273,0.7060779317246909,1.3553118349106104,0.7824704129727504,0.2253957124689155,0.6000118022615396,0.40001770339230935
ARIOMMA MELANUM,0.005249999999999909,NA,NA,1,NA,0.2629999999999969,NA,NA,1,NA
ARIOMMA REGULUS,0.05254570896782584,0.11480776289524806,0.6580279926935773,0.022745586218583972,-0.08583823753490671,-0.03197901252520965,0.057587732336427645,0.5922156091684394,0.033128103252313516,-0.07430210749742949
ARIOPSIS FELIS,0.01949609659112377,0.05034266596945264,0.7066722450368992,0.014776034019692786,-0.08374636257833812,0.2275236216881096,0.18005737824555806,0.2350303317126557,0.13768785730004496,0.051456643030049376
ARIOSOMA BALEARICUM,-0.09646658526251793,0.07754879264435896,0.2535570891100015,0.18103789673597848,0.06404331055540402,0.087813412745068,0.07581990402897006,0.28477221957945215,0.16081138551117424,0.04092729772705628
ARIOSOMA SELENOPS,NA,NA,NA,NA,NA,NA,NA,NA,NA,NA
ASTRAPOGON ALUTUS,-0.15772931244734156,0.03706661484062352,0.0016754388624512912,0.6442233233069589,0.6086456556376547,0.08684007317724096,0.016075147565218065,3.0051072609535575e-4,0.7447874945399361,0.7192662439939297
ASTRAPOGON PUNCTICULATUS,1.9865833333335077,0.7212227487703947,0.22170296775514245,0.8835459969184646,0.7670919938369292,-0.37675000000001263,0.077862098803215,0.1297422317544503,0.9590379681052028,0.9180759362104056
ASTRAPOGON STELLATUS,NA,NA,NA,NA,NA,NA,NA,NA,NA,NA
ASTROSCOPUS Y-GRAECUM,-0.1643669609496526,0.08594771544443765,0.12838943014187942,0.47762254017833056,0.3470281752229132,0.7631790000992522,0.5207224316021706,0.21662663465291188,0.3493850392546098,0.18673129906826236
BAGRE MARINUS,-0.0025249535725798632,0.0967727581738522,0.9797536693893466,7.563541543074544e-5,-0.11102707176063253,-0.16160586684579023,0.2815691310156103,0.5800619854471512,0.03530935017038919,-0.07187849981067873
BAIRDIELLA BATABANA,-0.02193962167409661,0.008266475340502764,0.11747057435287148,0.7788581871330535,0.6682872806995803,0.013468562686921958,0.017239477839229644,0.5164448867831177,0.23382554751823173,-0.1492616787226524
BAIRDIELLA CHRYSOURA,-0.05109765307856509,0.12747809499513846,0.7004945730918264,0.022437641643087796,-0.11721412383647101,0.999523584344015,0.7318465873107262,0.2142759866049573,0.21040357753347771,0.09760408860968883
BAIRDIELLA SANCTAELUCIAE,NA,NA,NA,NA,NA,NA,NA,NA,NA,NA
BALDWINELLA AUREORUBENS,-0.3169920536560375,0.21914406970796954,0.2438254918855638,0.410882684090263,0.21451024545368413,-0.8780287599328924,0.5241812389798234,0.1925182903136327,0.4832740953444208,0.31103212712589445
BALISTES CAPRISCUS,-0.01922989768620127,0.04984611374318625,0.7077356338580769,0.014664773121105621,-0.08386874956678403,0.06467351857521206,0.09071011711127688,0.49216661363655956,0.048373557204556786,-0.046789087074987634
BATHYANTHIAS CUBENSIS,NA,NA,NA,NA,NA,NA,NA,NA,NA,NA
BATHYANTHIAS MEXICANA,-0.050599575447517454,0.06849797721107859,0.48796643948798146,0.08336494432025325,-0.06940756495970457,-0.1912435744512888,0.18215431299367243,0.33420141855096014,0.15520172835533175,0.014402016414553631
BATHYANTHIAS MEXICANUS,-0.12617106739913544,NA,NA,1,NA,-0.8917288774686398,NA,NA,1,NA
BATHYTOSHIA CENTROURA,0.21682957391438104,0.10506574126199288,0.09398357751756656,0.45998896044591786,0.3519867525351015,-0.49092448802255534,0.7078342796833689,0.5188524369801183,0.08776160408699607,-0.09468607509560467
BELLATOR BRACHYCHIR,0.12388345967094107,0.15267827550032517,0.4765340915833565,0.17996338326270703,-0.09338215564972385,0.7522216062932698,0.40247769473935496,0.15841391519913384,0.5379693341885745,0.38395911225143275
BELLATOR EGRETTA,-0.018422073234894528,0.11808223552538186,0.8791291784130432,0.0024280192083542857,-0.09732917887081038,0.07420271346242716,0.12865518886196678,0.5768556371733222,0.03219388026752721,-0.06458673170572005
BELLATOR MILITARIS,-0.038803257275921765,0.055291480632983864,0.49881483177681585,0.04693969962047554,-0.048366330417477066,-0.004404537886992844,0.03729478213809594,0.9083264756296894,0.0013928335825650585,-0.09846788305917853
BEMBROPS ANATIROSTRIS,NA,NA,NA,NA,NA,NA,NA,NA,NA,NA
BODIANUS PULCHELLUS,0.27774999999998806,0.5523798700473239,0.7033960058899855,0.2018085342699826,-0.5963829314600348,-0.04074999999966371,2.724660257873726,0.9904794288980376,2.236317070943533e-4,-0.9995527365858112
BOLLMANNIA BOQUERONENSIS,-0.3062903225806357,0.38982317691643703,0.5760301254640579,0.38170452346337236,-0.23659095307325528,1.5440806451612341,2.081282535721034,0.5936520706216624,0.35500487160355043,-0.28999025679289914
BOLLMANNIA COMMUNIS,4.8561042334891705e-4,0.029322531939944035,0.9871126008573208,2.7425916723508803e-5,-0.09996983149160421,0.020995310578250576,0.14982267505124125,0.8913361859206891,0.0019599161735312553,-0.09784409220911572
BOTHUS LUNATUS,-0.020444444444443807,NA,NA,1,NA,1.0069999999999724,NA,NA,1,NA
BOTHUS OCELLATUS,-0.0503643326537033,0.0905790398900202,0.5904160951336384,0.029989362811853135,-0.06701170090696151,9.603843141486583e-4,0.0500407658775343,0.9850654421866998,3.6832078205596366e-5,-0.09995948471397398
BOTHUS ROBINSI,-0.03657302999892455,0.03367698520335613,0.30296598492306337,0.10549638373314132,0.016046022106455338,-0.013127463534740393,0.023165594523876926,0.5834263306341767,0.03111341508942732,-0.0657752434016301
BREGMACEROS ATLANTICUS,0.031240117981788943,0.050118804990981425,0.5470261243718777,0.03739984840130979,-0.05886016675855932,0.15398444943246598,0.09736533211908807,0.14484249383734876,0.20007554332013888,0.12008309765215275
BREGMACEROS CANTORI,-0.005581653225805069,0.1482702125331077,0.9714274023201017,2.8335103476992673e-4,-0.199659978758276,0.1525498991935757,0.7407407283041083,0.8449587012135027,0.008411104943780884,-0.18990667406746287
BREVOORTIA GUNTERI,0.09133752913752194,NA,NA,1,NA,0.27077855477851864,NA,NA,1,NA
BREVOORTIA PATRONUS,-0.05060698378497475,0.04155578317842979,0.2512512536137798,0.12915178951104708,0.042066968462151744,0.10487284550078593,0.1330986601837889,0.44900968758484794,0.058454765896570796,-0.03569975751377208
BREVOORTIA TYRANNUS,NA,NA,NA,NA,NA,NA,NA,NA,NA,NA
BROTULA BARBATA,0.035762524526185877,0.062221582853177394,0.5795347253909251,0.035405953539615065,-0.07177116273376116,0.14151803352659245,0.22919290249430702,0.552229851936204,0.04064059604956705,-0.06595489327825899
CALAMUS ARCTIFRONS,-0.03650389849280291,0.08053134875930969,0.6600182740586675,0.02013332654956237,-0.07785334079548156,0.008320792534272535,0.04015698146742184,0.8400070523577762,0.004275103497154833,-0.09529738615312966
CALAMUS BAJONADO,-0.156028131321709,0.07134692040579943,0.053616886276018794,0.3235246248530552,0.2558770873383607,0.11240204893937507,0.061311721905922094,0.0966545636574457,0.2515499568435842,0.1767049525279425
CALAMUS CALAMUS,0.609178852051759,0.08595279453617508,0.0057774290133379164,0.943641594608365,0.9248554594778201,-0.5825215164726589,0.8397124109286551,0.5377491929653812,0.13823839546983413,-0.14901547270688775
CALAMUS LEUCOSTEUS,0.024087083295368475,0.04624686330710518,0.6138169487482461,0.026410684901367228,-0.07094824660849608,0.10448304080226818,0.1777408602631072,0.569676099639886,0.03340129167103515,-0.0632585791618614
CALAMUS NODOSUS,-0.058793525257947364,0.048615186471247636,0.2543374200058464,0.12759489246462039,0.04035438171108241,0.03213345102407153,0.02505534351389195,0.22859795436544939,0.1412478523190181,0.05537263755091992
CALAMUS PENNA,0.08725191677716407,0.13279283400858563,0.5259793810282885,0.04138517673021957,-0.054476305596758534,-0.09104928123432965,0.11925422855553926,0.4628040767010131,0.05508078837155703,-0.039411132791287384
CALAMUS PRORIDENS,-0.040486446257271956,0.03270042469592744,0.24395699830979042,0.1329150549366373,0.046206560430301025,0.019382370607647293,0.0161891895622009,0.25882221605015404,0.1253685643675624,0.03790542080431858
CANTHERHINES MACROCERUS,NA,NA,NA,NA,NA,NA,NA,NA,NA,NA
CANTHERHINES PULLUS,0.7939999999998774,NA,NA,1,NA,-3.8579999999993664,NA,NA,1,NA
CANTHIDERMIS MACULATUS,-0.30599999999989563,NA,NA,1,NA,-0.15849999999995168,NA,NA,1,NA
CANTHIGASTER JAMESTYLERI,-0.05599024712977421,0.198196178052358,0.7870530481178936,0.013126366127709017,-0.15135257285100612,0.01867771644740174,0.08344789888437416,0.8303201143287713,0.008280458107467569,-0.15700613220795456
CANTHIGASTER ROSTRATA,0.10802747768562683,0.09484183364626704,0.281241678093799,0.11483934096411305,0.026323275060524343,-0.05778811273232806,0.05017282546561989,0.2762035254902883,0.11712250477774244,0.028834755255516598
CARANX BARTHOLOMAEI,0.06899749242904187,0.05460117457289097,0.2532280463370057,0.21019839897183268,0.0785647988004714,0.19439831372546726,0.26597945780290044,0.49239653449835497,0.0817518528347122,-0.07128950502616926
CARANX CRYSOS,0.04573292173437628,0.0584023653828028,0.4536997958776089,0.06378658785272089,-0.040237124608087926,-0.40675653779323395,0.31085625494627867,0.2231293323944979,0.1598350166404388,0.0664833518227097
CARANX HIPPOS,0.006876362413334879,0.1844808905389092,0.9713071597760354,1.9844059132310046e-4,-0.14263035360991627,0.21858607473340347,0.6299250084621975,0.7387871036787315,0.016910723952194163,-0.12353060119749237
CARANX RUBER,0.7806243386244606,0.36593926347637923,0.2790681660421801,0.8198384442863224,0.6396768885726447,-3.410264550265134,2.759065293557571,0.4330499607949714,0.6043911977479122,0.20878239549582434
CARCHARHINUS ACRONOTUS,0.09204208590858659,0.10586991534399692,0.40722227131641364,0.07747529999225536,-0.025027444453049608,-0.3947785611352159,0.3904554617931096,0.3383906201583304,0.10199952981220013,0.0022216997913334646
CARCHARHINUS BREVIPINNA,NA,NA,NA,NA,NA,NA,NA,NA,NA,NA
CARCHARHINUS FALCIFORMIS,0.09599999999998596,NA,NA,1,NA,-0.7024999999998897,NA,NA,1,NA
CARCHARHINUS ISODON,NA,NA,NA,NA,NA,NA,NA,NA,NA,NA
CARCHARHINUS LIMBATUS,0.1288859172025939,0.11588691293364706,0.34716936004166093,0.29193873739767395,0.05591831653023194,-0.48659065135208396,0.7578939398791278,0.5665433241999474,0.12080248051485075,-0.17226335931353232
CARCHARHINUS PLUMBEUS,NA,NA,NA,NA,NA,NA,NA,NA,NA,NA
CARCHARHINUS POROSUS,NA,NA,NA,NA,NA,NA,NA,NA,NA,NA
CAULOLATILUS CYANOPS,-0.10259170411764164,0.10652167797990554,0.3606559134070697,0.09343409078270741,-0.007295454685880776,0.203202278397,0.31301860897521444,0.5324431329507527,0.04473015382414626,-0.06141094019539306
CAULOLATILUS INTERMEDIUS,0.015552596632575714,0.040632139336757536,0.7107765165474358,0.016018101392119146,-0.09331322067542325,-0.019153347025471085,0.11880419026435252,0.8754828435514117,0.002879591833235326,-0.10791156462973861
CAULOLATILUS MICROPS,NA,NA,NA,NA,NA,NA,NA,NA,NA,NA
CENTROPRISTIS OCYURUS,0.09343498540786757,0.018816642331327772,5.653705589766811e-4,0.7114554262254859,0.6826009688480343,-0.07645430095007759,0.017326560595680867,0.001309212721034066,0.6606786672759994,0.6267465340035994
CENTROPRISTIS PHILADELPHICA,0.041989219148299506,0.02592509474518438,0.1363790965778463,0.20780916826965334,0.12859008509661862,0.1459081626775864,0.10618067544655821,0.19940826946825668,0.1588359833884272,0.07471958172726989
CENTROPRISTIS STRIATA,-0.054301407678532046,0.03182702845494441,0.1221685425700711,0.24439074305034683,0.1604341589448297,0.05898299421152978,0.04144401273055037,0.18840565800066464,0.18370972489882362,0.09301080544313733
CEPHALOPHOLIS CRUENTATA,-0.0943933843630473,0.1309332724488264,0.5230552854421221,0.1476634258391976,-0.13644876554773644,0.041609167122291714,0.06830635530097756,0.5854536767029337,0.11007483720601932,-0.1865668837253076
CHAENOPSIS OCELLATA,0.582999999999912,NA,NA,1,NA,0.3209999999999249,NA,NA,1,NA
CHAETODIPTERUS FABER,0.08182024540483984,0.05492107034905136,0.1671305983688062,0.18163194676289166,0.09979514143918067,-0.027567161359647645,0.17300809300220185,0.8765730525242152,0.002532503249012332,-0.09721424642608656
CHAETODON OCELLATUS,0.015767970065927322,0.026583184943010107,0.5662494754351179,0.03398758116885086,-0.06261366071426422,-0.023097031733862183,0.022622804435207963,0.33133636191847105,0.09439682674607071,0.003836509420677703
CHAETODON SEDENTARIUS,-0.09860428712854076,0.04649028217018362,0.05992610687572564,0.3102732332724658,0.24130055659971228,0.04181405509827527,0.051235233762437216,0.43344202764083317,0.062445837773010014,-0.03130957844968907
CHEILOPOGON CYANOPTERUS,-0.5569999999999073,NA,NA,1,NA,-0.4097499999999265,NA,NA,1,NA
CHEILOPOGON EXSILIENS,NA,NA,NA,NA,NA,NA,NA,NA,NA,NA
CHEILOPOGON HETERURUS,NA,NA,NA,NA,NA,NA,NA,NA,NA,NA
CHEILOPOGON MELANURUS,-1.183404858299395,NA,NA,1,NA,-6.340805668015131,NA,NA,1,NA
CHILOMYCTERUS ANTILLARUM,0.21370535714299985,0.8400961908021568,0.8414188830327456,0.06077729538055912,-0.8784454092388818,1.5269464285713708,1.7374737761691936,0.5409997839271705,0.4357756214946479,-0.12844875701070424
CHILOMYCTERUS SCHOEPFII,-0.00388266091669718,0.04110148957270452,0.9266056493755218,8.915720135443508e-4,-0.0990192707851012,-0.03820726596401194,0.08523956335277962,0.6635395328318604,0.01969565454131269,-0.07833478000455618
CHLOROSCOMBRUS CHRYSURUS,-0.018692310730380354,0.016486127674956445,0.28331934177509943,0.1139110805970752,0.025302188656782687,0.15196187294224506,0.07925720175909938,0.08418015249768665,0.2687994222177313,0.1956793644395043
CHROMIS CYANEA,NA,NA,NA,NA,NA,NA,NA,NA,NA,NA
CHROMIS ENCHRYSURA,0.15444124531804965,0.06950321855848746,0.050516739470659155,0.3305488491324118,0.26360373404565285,-0.10044432868557396,0.050854972543970894,0.07649166177464163,0.2806310314038516,0.2086941345442367
CHROMIS INSOLATA,-1.436499999999987,NA,NA,1,NA,4.50899999999996,NA,NA,1,NA
CHROMIS SCOTTI,-0.021389958055759464,0.10248188673083623,0.8480354750832235,0.01431341399741761,-0.3142487813367765,0.05560535405871885,0.07960011958918223,0.5351103451716439,0.1399043662841724,-0.1467941782877702
CITHARICHTHYS CORNUTUS,-0.10446179519970766,0.14897240068328893,0.5058037194942672,0.06563307525768297,-0.06784791399121937,-0.4315708281653553,0.388471296372159,0.3032880803756751,0.14988727655641915,0.028442601778764898
CITHARICHTHYS DINOCEROS,NA,NA,NA,NA,NA,NA,NA,NA,NA,NA
CITHARICHTHYS GYMNORHINUS,-0.07474975766441559,0.0880471235785054,0.41575620522689793,0.06723009985219307,-0.026046890162587655,0.06184628094135433,0.05500373920920519,0.28710809569529516,0.11223785808872233,0.02346164389759453
CITHARICHTHYS MACROPS,0.054445352252583144,0.05603596454893987,0.3541569477947878,0.08626020026559696,-0.0051137797078433245,-0.03559542864382213,0.16750576849321316,0.8359839742955901,0.004495439660002825,-0.09505501637399694
CITHARICHTHYS SPILOPTERUS,-0.042688512769656455,0.02336528042166243,0.09765259308004409,0.2502596956851203,0.17528566525363232,-0.18642947052660136,0.09321854158940243,0.07339802229711687,0.2856976194267179,0.2142673813693896
CONGER OCEANICUS,0.4390005005183925,0.2475996628208197,0.21822718937004668,0.6111687274402577,0.4167530911603866,1.5571658503449999,1.061716914669129,0.28014223237595864,0.5181952056086674,0.2772928084130011
CONODON NOBILIS,0.006901293750722576,0.10135103893533087,0.9489795406524197,0.001157821203964352,-0.24855272349504465,-0.08513069184418319,0.09786113462495591,0.43343681379708693,0.1590895305758966,-0.05113808678012921
CORVULA BATABANA,NA,NA,NA,NA,NA,NA,NA,NA,NA,NA
CORYPHAENA HIPPURUS,-0.3704811188811395,0.2033661818125046,0.31959404714520034,0.7684515814222584,0.5369031628445169,1.7518909090909751,0.11370651119743652,0.041261941943670874,0.9958050106923778,0.9916100213847556
COSMOCAMPUS ALBIROSTRIS,-0.04366808510637939,0.18297277181068444,0.823098519215442,0.014039603450284245,-0.2324504956871447,-7.010638297849715e-4,0.07784015380422361,0.9932452730209218,2.0278645953379722e-5,-0.24997465169255828
CRYPTOTOMUS ROSEUS,0.027344119988405902,0.09790387731125091,0.7857092468692863,0.007740223577853656,-0.09148575406436099,-0.012428092874083741,0.057063567765477934,0.8319696084531504,0.004721021395509129,-0.09480687646494013
CYCLOPSETTA CHITTENDENI,-0.022837401652007417,0.02045967725131484,0.2904329022542088,0.11078990902490006,0.02186889992738994,0.023940366331565464,0.10137247943629409,0.818073442652318,0.005546333737664311,-0.09389903288856938
CYCLOPSETTA FIMBRIATA,-0.011642228202319638,0.03215883860307353,0.7248682430139254,0.012936494213656854,-0.08576985636497758,0.022199150660250064,0.02107174105831505,0.31689983794530174,0.09989940974973173,0.00988935072470487
CYNOSCION ARENARIUS,-0.023978085120904193,0.00990139819779845,0.03850396972957962,0.394533316444393,0.32725924049376987,0.07425274378380299,0.11116419126327919,0.520921215476849,0.04723236310152102,-0.0586307076649768
CYNOSCION NEBULOSUS,-0.6394999999999436,2.065028440035207,0.8088138004503838,0.08750989943072793,-0.8249802011385441,0.3484999999999773,1.1410871306081047,0.8112975331372462,0.08531753578575023,-0.8293649284284996
CYNOSCION NOTHUS,0.01340147857627148,0.017097248874093016,0.45326898958711337,0.06390438605110409,-0.04010623772099553,0.15880211808928762,0.08691404175916727,0.10095666574368607,0.2705673454358599,0.18951927270651103
DACTYLOPTERUS VOLITANS,-0.10662264150942066,0.15052886974712507,0.5053198481608137,0.07716692181625756,-0.07663859121436611,0.10455031446537283,0.5545327018289872,0.8566704845853397,0.00588951815217345,-0.15979556215579782
DECAPTERUS MACARELLUS,-1.1047970618424312,NA,NA,1,NA,1.8653257313317697,NA,NA,1,NA
DECAPTERUS PUNCTATUS,0.04044737999006081,0.05190245032418316,0.45385270286605395,0.057253245851086126,-0.037021429563805386,-0.15824102457131897,0.06861904120960796,0.043798689289315546,0.3471735464076583,0.28189090104842407
DECAPTERUS TABL,NA,NA,NA,NA,NA,NA,NA,NA,NA,NA
DECODON PUELLARIS,0.050141877873277195,0.044004603241419485,0.28392558208597213,0.12607694011160175,0.028974377901779702,0.33778259416386014,0.29158519191352256,0.276500784455989,0.12975981781804782,0.03306646424227533
DIODON HOLOCANTHUS,-0.03096039053637844,0.09490044284652216,0.7526129773637862,0.013129451517495137,-0.11022936704281805,0.3548306389247292,0.2745633896768638,0.23231434970820963,0.172712393245772,0.0693014424014935
DIODON HYSTRIX,NA,NA,NA,NA,NA,NA,NA,NA,NA,NA
DIPLECTRUM BIVITTATUM,0.020359478732934526,0.03645640853725661,0.5888147808193468,0.030244593632058937,-0.06673094700473525,0.4175422129340301,0.1591533184763488,0.02544346764499188,0.4076835424568478,0.3484518967025325
DIPLECTRUM FORMOSUM,-0.021236112818509647,0.018195028807977968,0.27023146858601177,0.11988964724508852,0.03187861196959729,8.546896870582422e-4,0.01682962342346827,0.9604970658766306,2.578434693616826e-4,-0.09971637218370222
DIPLODUS HOLBROOKI,-0.1550906038945926,0.11545748071139215,0.22776064393084208,0.23120045623887164,0.10306719894535021,0.07592976722030674,0.07127457232811381,0.327714627118629,0.1590623650363454,0.01890609254240294
DIPLODUS HOLBROOKII,NA,NA,NA,NA,NA,NA,NA,NA,NA,NA
DIPLOGRAMMUS PAUCIRADIATUS,0.39042307692328504,0.5184827475118946,0.5891095568326976,0.361848158481252,-0.27630368303749586,-0.7052692307694659,0.3412806264297369,0.2869155052994478,0.8102674692379734,0.6205349384759469
DIPTURUS OLSENI,-0.15794999999999632,0.25815985196512775,0.5838978031554709,0.1109362547258687,-0.18541832703217498,-0.15607500000000163,0.6311866322979364,0.8206541822155043,0.019974108156042034,-0.3067011891252771
DOROSOMA CEPEDIANUM,NA,NA,NA,NA,NA,NA,NA,NA,NA,NA
DOROSOMA PETENENSE,-0.07394746422973505,0.06622243723644487,0.32668954161122327,0.23764701554782217,0.047058769434777714,0.08658830418179361,0.07399127407145148,0.30686651068562026,0.2550496772990318,0.06881209662378973
DYSOMMA ANGUILLARE,-0.34799999999993736,NA,NA,1,NA,-1.6104999999997374,NA,NA,1,NA
ECHENEIS NAUCRATES,0.1536493197723723,0.04854057278956966,0.010066368140400394,0.5004901570203434,0.45053917272237765,-0.42516695693027323,0.14048794801295056,0.012756194274943735,0.4780479606662319,0.42585275673285505
ECHENEIS NEUCRATOIDES,0.19914027444973081,0.10045725522457515,0.09471645231487723,0.39575003972223904,0.29504171300927895,-0.07110406124108715,0.0942617063920074,0.47920206374807417,0.08662005230931571,-0.06560993897246514
ECHIODON DAWSONI,0.32599999999998003,NA,NA,1,NA,-0.1639999999999903,NA,NA,1,NA
ECHIOPHIS INTERTINCTUS,-0.1314580608846722,0.0353650458854867,0.003993814383966285,0.5801387002571864,0.538152570282905,0.03530310904056419,0.024783769664113796,0.184768216778477,0.16867864919860018,0.08554651411846015
ECHIOPHIS PUNCTIFER,0.015569508752115825,0.023477194000564805,0.5754279429877185,0.18026143159562485,-0.2296078526065628,-0.18316573687184037,0.13943046841684062,0.3194174604268607,0.46319259317181355,0.19478888975772024
ELACATINU HORSTI,NA,NA,NA,NA,NA,NA,NA,NA,NA,NA
ELACATINUS MACRODON,NA,NA,NA,NA,NA,NA,NA,NA,NA,NA
ELACATINUS XANTHIPRORA,-0.08841906307977783,0.07481313546479115,0.2819725036593505,0.1888390788534493,0.053645591995690745,0.002757189239330142,0.032004809245748306,0.9341507489972871,0.001235419766081034,-0.16522534360623897
ELOPS SAURUS,-0.17349999999996857,NA,NA,1,NA,2.8757499999995133,NA,NA,1,NA
EMBLEMARIA ATLANTICA,0.07208955223878845,0.28620200732233836,0.8429137238913345,0.059660124869711936,-0.8806797502605761,0.04978358208956063,0.03015578010490824,0.34672065905305116,0.7315728543786585,0.463145708757317
EMBLEMARIA PIRATULA,0.211833333333359,0.041857894516239766,0.1241950416778321,0.9624221633872059,0.9248443267744118,-0.3206666666666982,0.005965952781645706,0.011842844202706615,0.9996539796125198,0.9993079592250396
ENGRAULIS EURYSTOLE,-0.22798502695667322,0.2897380932906077,0.48879509558020706,0.17107790277062285,-0.1052294629725028,-1.4137821927377179,0.8458610122557862,0.1932334752284694,0.48218883757053255,0.3095851167607101
ENGYOPHRYS SENTA,0.041463032415520615,0.03737334275068168,0.2932121057213659,0.10959389538589683,0.02055328492448638,0.17568470007192527,0.17112974134364864,0.32879296796990853,0.09534538927816344,0.004879928205979711
EPIGONUS MACROPS,NA,NA,NA,NA,NA,NA,NA,NA,NA,NA
EPIGONUS PANDIONIS,NA,NA,NA,NA,NA,NA,NA,NA,NA,NA
EPINEPHELUS ADSCENSIONIS,NA,NA,NA,NA,NA,NA,NA,NA,NA,NA
EPINEPHELUS FLAVOLIMBATUS,-0.17171384140957663,0.13937526206242734,0.28541113437816673,0.27508472418083496,0.0938559052260437,0.9360253579613418,0.49302134482802806,0.13045697671932416,0.47399494571070144,0.34249368213837683
EPINEPHELUS GUTTATUS,0.42528571428570233,NA,NA,1,NA,-0.1769999999999979,NA,NA,1,NA
EPINEPHELUS ITAJARA,-0.14677391304347517,0.060496716466378886,0.13606015792469714,0.7463920507250974,0.6195880760876461,0.0986956521739088,0.08653424423504573,0.3722329193036622,0.39409150760600886,0.09113726140901335
EPINEPHELUS MORIO,-0.04211861445421839,0.023445853590281215,0.1026488509959527,0.24397792416936362,0.1683757165862999,0.008227074735711094,0.013564366866446027,0.5576861227628103,0.035481533160312,-0.06097031352365678
EPINEPHELUS NIGRITUS,NA,NA,NA,NA,NA,NA,NA,NA,NA,NA
EPINEPHELUS NIVEATUS,0.12864494333042165,0.2112158541638612,0.6044479172047691,0.15646145020364602,-0.26530782469453107,-0.13820597210113178,0.09523857619935507,0.2838363498087797,0.5128903738552064,0.2693355607828096
EQUETUS LANCEOLATUS,-0.03198638728120553,0.029320410692745567,0.30089308367299966,0.10635443143021839,0.016989874573240193,4.473354516056133e-4,0.026668979560753286,0.9869471573626353,2.813465663884298e-5,-0.09996905187769722
ETROPUS CROSSOTUS,0.013797747741409296,0.018758139958730213,0.4788951762014755,0.0513278427871212,-0.043539372934166654,0.07996678572904058,0.13261739643352416,0.5599423186860948,0.03508389790081007,-0.06140771230910902
ETROPUS CYCLOSQUAMUS,-0.022762253700149098,0.055082024315826955,0.6891009226429463,0.01862108351712382,-0.09042101831430704,-0.5250663527072622,0.20151770783226566,0.02847739080794138,0.42998072080028427,0.3666452453336492
ETROPUS MICROSTOMUS,-0.0043928133467288485,0.11612429729750022,0.9712882784009611,2.8611789483348217e-4,-0.19965665852619985,0.7095647836577867,0.41340651395662764,0.14674424635979283,0.3707508246725348,0.24490098960704187
ETROPUS RIMOSUS,-0.04048942682528893,0.04138717082764598,0.35099538475773895,0.08734873844542884,-0.003916387710028335,0.018691204454166777,0.03288913064066362,0.5823606828437,0.031287069371695245,-0.06558422369113526
ETRUMEUS TERES,0.049230970635974924,0.0764368753270384,0.5355949098906131,0.0440614138864672,-0.06215398457059207,0.6049640561564096,0.26469643131661247,0.04812750438014867,0.36724508352160773,0.2969389816906751
EUCINOSTOMUS ARGENTEUS,0.3197725775079149,0.09757792055787431,0.009573512353557703,0.5440586895794285,0.4933985439771428,-0.6321715817978139,0.14761432614019362,0.002042172479977352,0.6708189070585951,0.6342432300651057
EUCINOSTOMUS GULA,0.29824460040665335,0.06791461304252484,0.0017418419065001825,0.6818096846912155,0.6464552052124617,-0.4360890024721585,0.18311656855497127,0.04112759449036491,0.38656417994361036,0.3184046443817893
EUCINOSTOMUS HARENGULUS,0.19271479801512723,0.0695496960441939,0.027658491529118704,0.5230909345782373,0.45496106808941406,-0.09415803152008875,0.04091334004424814,0.05487762700766133,0.430730003672339,0.3494057184826731
EUCINOSTOMUS JONESII,NA,NA,NA,NA,NA,NA,NA,NA,NA,NA
EUCINOSTOMUS MELANOPTERUS,NA,NA,NA,NA,NA,NA,NA,NA,NA,NA
EVERMANNICHTHYS SPONGICOLA,-0.9944999999999918,NA,NA,1,NA,0.4836666666666586,NA,NA,1,NA
FISTULARIA PETIMBA,0.017199681031402524,0.10858951438813376,0.878073416912333,0.0031261888073385834,-0.12148303759174395,0.3277038736981854,0.2667531312757562,0.25417397431538624,0.15870863067441013,0.05354720950871139
FISTULARIA TABACARIA,-0.05330718450924771,0.4141313469482619,0.9057235874868369,0.005492651222525645,-0.3260097983699657,0.45343518465786403,0.32639357964118487,0.25892177883471434,0.39147519522133556,0.18863359362844745
FOETOREPUS AGASSIZII,-0.2683269230769241,0.4652539443855062,0.6223824342128996,0.14259502599097446,-0.28610746101353834,-0.4084192307692262,1.0295465242842023,0.7299165674486856,0.07294506053870178,-0.3905824091919474
FOETOREPUS GOODENBEANI,0.04500000000001115,0.1673605195703431,0.832780219141558,0.06742236649175107,-0.8651552670164979,-0.3765000000000451,0.3030245093621497,0.43143010718023284,0.6068782209010071,0.21375644180201414
FOWLERICHTHYS OCELLATUS,-0.12614896634303757,0.05477392556614978,0.04402262512963605,0.3465844760885486,0.28124292369740334,0.05637597877265062,0.029602010254919788,0.08598687938424501,0.2661619667482962,0.1927781634231257
FOWLERICHTHYS RADIOSUS,0.003347676896880649,0.01733846405221048,0.8507629349295023,0.003714067766596756,-0.09591452545674373,0.05253594283871123,0.06891951420152445,0.46349352513720843,0.05491601921806182,-0.03959237886013223
GASTROPSETTA FRONTALIS,-0.0712650624346841,0.04935233464656562,0.17932710453652628,0.1725384059049354,0.08979224649542883,0.032872458167436044,0.03212378857102466,0.3302805412477626,0.09478953863099819,0.004268492494097886
GINGLYMOSTOMA CIRRATUM,3.9179004934270385e-4,0.14386656179059698,0.9978938174939052,9.270361806184617e-7,-0.12499895708429687,-0.05183014730809379,0.11893528464065851,0.6745128458508357,0.023188060566568504,-0.09891343186261037
GNATHAGNUS EGREGIUS,NA,NA,NA,NA,NA,NA,NA,NA,NA,NA
GNATHOLEPIS THOMPSONI,NA,NA,NA,NA,NA,NA,NA,NA,NA,NA
GNATHOPHIS BRACHEATOPOS,0.5159999999997565,NA,NA,1,NA,-0.6669999999996876,NA,NA,1,NA
GOBIESOX PUNCTULATUS,NA,NA,NA,NA,NA,NA,NA,NA,NA,NA
GOBIESOX STRUMOSUS,-0.13207994049844482,0.06442906161990061,0.07061310820458236,0.31831212255089136,0.24256902505654587,0.030280339781681244,0.03622207454507102,0.4248125442825891,0.07205353007793666,-0.031051633246736987
GOBIOIDES BROUSSONNETII,NA,NA,NA,NA,NA,NA,NA,NA,NA,NA
GOBIONELLUS HASTATUS,NA,NA,NA,NA,NA,NA,NA,NA,NA,NA
GOBIONELLUS OCEANICUS,NA,NA,NA,NA,NA,NA,NA,NA,NA,NA
GYMNACHIRUS MELAS,-0.032698216853271365,0.06434236574063246,0.622340935153843,0.02517563677863177,-0.07230679954350516,0.11892973331815124,0.15160169976885562,0.45093733773025146,0.05797429829576684,-0.03622827187465649
GYMNACHIRUS NUDUS,NA,NA,NA,NA,NA,NA,NA,NA,NA,NA
GYMNACHIRUS TEXAE,0.043068359016826964,0.03141815674118169,0.20364573349304887,0.17272744620147965,0.08080827355719955,0.24034255276642036,0.12457224307290722,0.08576281540536669,0.29258426981239494,0.2139825220137721
GYMNOTHORAX KOLPOS,-0.119029542758431,0.07191466774136396,0.14186738240763705,0.28127879478150386,0.17860433689314736,-0.06566438583506388,0.2203501850264006,0.7743536919685617,0.012527371611517998,-0.1285401467296936
GYMNOTHORAX MORINGA,0.006842105263153615,0.12911375230456648,0.9662952328794966,0.0028003776477691926,-0.9943992447044616,0.06094736842105552,0.09884844345652681,0.6482566735862502,0.2754480841739001,-0.4491038316521998
GYMNOTHORAX NIGROMARGINATUS,0.0381815716016427,0.056207113469862166,0.5140359351780971,0.04877163539868435,-0.0569204051125729,0.33160837650383895,0.3042042627003082,0.30400005785375434,0.11663243284701558,0.01848048094112842
GYMNOTHORAX SAXICOLA,-0.052212448915601735,0.02580630096146684,0.07059683673493922,0.29045390763643064,0.21949929840007365,0.06905225297756655,0.026343513678904047,0.02554400033552817,0.40726043578401305,0.34798647936241434
GYMNURA ALTAVELA,-1.1179999999999877,NA,NA,1,NA,-1.030999999999993,NA,NA,1,NA
GYMNURA MICRURA,0.10095456093241142,0.10685627796911082,0.36944753430897503,0.09022810004931117,-0.010857666611876482,0.2906327349867776,0.44347239723827964,0.5286317278128976,0.04554781396972683,-0.060502428922525775
HAEMULON AUROLINEATUM,0.08132706321215141,0.023982095467648748,0.006872450061264737,0.5348826235781913,0.4883708859360104,-0.12474144654802682,0.03930639170079705,0.009927327129925724,0.5017817308036137,0.451959903883975
HAEMULON PLUMIERII,0.015806875488531935,0.055717934580916506,0.7824313089892747,0.00798400355732837,-0.0912175960869388,-0.028137986099422672,0.036531685794604564,0.45896997427958797,0.05600372017524253,-0.03839590780723334
HAEMULON SCIURUS,0.12793349478393332,0.01766070161171511,0.08733083107317707,0.9812996801135935,0.962599360227187,-0.07416104694488025,0.06625637487025576,0.46419984957188165,0.5561162639185355,0.11223252783707105
HAEMULON STRIATUM,0.12378189022442425,0.05147181116685579,0.03700778451067507,0.36641872204747705,0.30306059425222465,-0.04664345422445894,0.025277460373173737,0.09477874063564774,0.25400857102572366,0.17940942812829586
HALICHOERES BATHYPHILUS,-0.022622926307980976,0.17112728273365233,0.8991484395698423,0.002904321144183532,-0.16327829199845256,0.036029315295196825,0.11656087032136532,0.7676954626805343,0.01567450867459327,-0.14837973987964115
HALICHOERES BIVITTATUS,-0.15294612732233717,0.20168833273564588,0.4824471095915015,0.10314914664580473,-0.07622102402503428,-0.001521899826048431,0.14329482714400402,0.9919367595666138,2.25595954300906e-5,-0.19997292848548387
HALICHOERES CAUDALIS,-0.18031480246616413,0.16003184039957924,0.30288710202922964,0.17463947090533613,0.03707938272289213,0.05385057078886774,0.17125870844645846,0.76383369549262925,0.016211594877154192,-0.1477531393099869
HALICHOERES CYANOCEPHALUS,NA,NA,NA,NA,NA,NA,NA,NA,NA,NA
HALIEUTICHTHYS ACULEATUS,0.1278104490491593,0.09268916415589125,0.20122135280052264,0.174418395750392,0.08268710638932442,-0.11192900956136556,0.09037017539211589,0.24683838795622526,0.14562647692831607,0.05069608547590676
HARENGULA JAGUANA,0.01847245794248553,0.018615023581061218,0.34443516623170767,0.08964629692799805,-0.0013890733792021326,0.11319637234142835,0.1333866017002106,0.4159370410090596,0.06717977651783723,-0.02610224583037901
HELICOLENUS DACTYLOPTERUS,NA,NA,NA,NA,NA,NA,NA,NA,NA,NA
HEMANTHIAS LEPTUS,-0.04595634029164756,0.08356555131772679,0.6060206644915176,0.05703753015431668,-0.1315549638148199,0.07979684358811277,0.3128009401602953,0.808803531351957,0.012848403712201159,-0.18458191554535852
HEMANTHIAS VIVANUS,-0.15970614900198035,0.12703486171554768,0.2554078592040122,0.20849659776744137,0.07657936406201482,-0.1431881613323594,0.5587837252733486,0.8063176498682143,0.01082551047385557,-0.15403690444716855
HEMICARANX AMBLYRHYNCHUS,-0.05860324495422092,0.1668312921861976,0.73445576444277,0.015189758552480417,-0.10791152162845963,0.32356591267393325,0.5497821139909057,0.5724106941177973,0.04149984846466791,-0.07831267047724855
HEMIRAMPHUS BALAO,NA,NA,NA,NA,NA,NA,NA,NA,NA,NA
HETEROPRIACANTHUS CRUENTATUS,0.5167423245614094,0.17870763398036846,0.21196868642146807,0.8931746049837354,0.7863492099674707,-0.23841228070175208,0.14915894849275368,0.35590575732485824,0.7186910181432145,0.4373820362864289
HIPPOCAMPUS ERECTUS,-0.11614054774441222,0.035988027551754884,0.009063862895839728,0.5101597086820169,0.46117567955021854,0.12376012243145454,0.03561415368644855,0.005970672524239646,0.5470154503455823,0.5017169953801405
HIPPOCAMPUS REIDI,0.9183963768115809,0.20913289235326107,0.007078271033482502,0.7941100827958243,0.7529320993549892,-0.5332076086956453,0.22910953023279704,0.06743721889773555,0.5199852041211174,0.42398224494534087
HIPPOCAMPUS ZOSTERAE,NA,NA,NA,NA,NA,NA,NA,NA,NA,NA
HIRUNDICHTHYS RONDELETII,-0.1230626500600042,NA,NA,1,NA,-0.26598454381747944,NA,NA,1,NA
HISTRIO HISTRIO,-0.0748132614807801,0.21424429540875722,0.7411673109804584,0.023806981554488536,-0.17143162213461371,-0.34588273195875346,0.5493544975715999,0.5565909560712725,0.07345931624160754,-0.11184882051007095
HOLACANTHUS BERMUDENSIS,0.04450159437019735,0.051191370504046464,0.40505520024540276,0.07026165436845606,-0.02271218019469834,-0.02792811959992979,0.04297674950855123,0.5304378176463398,0.04051845588301226,-0.05542969852868662
HOLACANTHUS CILIARIS,0.8854999999998512,NA,NA,1,NA,-0.5257499999999123,NA,NA,1,NA
HOLOCENTRUS ADSCENSIONIS,0.022529784783390867,0.2144006615913255,0.9197351501034301,0.0018370122635616598,-0.16452348569251152,0.030333105251334185,0.08811495990755003,0.74240662997322,0.01936819602916208,-0.14407043796597763
HOPLUNNIS DIOMEDIANA,-0.006416259379909366,0.05826679359561407,0.9144939004711115,0.0012111425824003908,-0.09866774315935967,0.28174529998087944,0.3818594651105898,0.47757769554266527,0.05162796189844123,-0.04320924191171471
HOPLUNNIS MACRURA,0.26183126003216595,0.5758310641655523,0.7283181657568742,0.17133033125457847,-0.6573393374908432,0.6464432182987764,2.535238005793271,0.8410594381685755,0.061047372372113,-0.877905255255774
HOPLUNNIS MACRURUS,-0.012601729452964063,0.053043100229063764,0.8190142236463587,0.007998650612627108,-0.13371582787128333,-0.012878178082530417,0.2754194740032961,0.9640118063037724,3.1223810254926194e-4,-0.1425002993113722
HOPLUNNIS TENUIS,0.15608486072280792,0.2330982208102596,0.5510349580070869,0.13002559923424245,-0.1599658676876765,-1.930498291394802,1.0027335514192048,0.14986520478212595,0.5526749122327597,0.40356654964367955
HYPANUS AMERICANUS,0.026412394479106597,0.04416500625065017,0.5663549756404151,0.04279319832520657,-0.07685765188414262,-0.44640205183952447,0.31007535857603175,0.18792236713367913,0.20576702638023975,0.1064879046777698
HYPANUS SABINUS,0.03453466440178695,0.22019708982002217,0.8897764640321227,0.012149227881262239,-0.4817761581781066,0.04582857605060074,0.19147602324929955,0.8331313729867225,0.027845138681299248,-0.45823229197805126
HYPANUS SAY,0.09617426710097629,0.042192544731158556,0.15026046656672673,0.7220572746793978,0.5830859120190968,0.06888754459438821,0.24798790688863187,0.8072587357767093,0.037149194934390443,-0.44427620759841435
HYPLEUROCHILUS BERMUDENSIS,-0.030492834891004517,0.2641160988682052,0.9136503212874887,0.0033212461639904305,-0.24584844229501202,0.05413187954311663,0.1409896836249751,0.720557563412615,0.03554302668835295,-0.20557121663955868
HYPLEUROCHILUS GEMINATUS,NA,NA,NA,NA,NA,NA,NA,NA,NA,NA
HYPOPLECTRUS FLORIDAE,-0.3837697704082067,0.14995936826044917,0.2371471685760574,0.8675372383101617,0.7350744766203234,0.2510248724490135,0.049535769397101234,0.12403319897758962,0.9625187958652467,0.9250375917304934
HYPOPLECTRUS PUELLA,0.12701354389834676,0.117339941427834,0.3922015179731507,0.36941899475414114,0.054128492131211625,-0.0722218558509281,0.05277510355082623,0.3046075209218113,0.4835706999585119,0.2253560499377678
HYPOPLECTRUS UNICOLOR,-1.3434999999997694,NA,NA,1,NA,0.626499999999891,NA,NA,1,NA
HYPORHAMPHUS UNIFASCIATUS,NA,NA,NA,NA,NA,NA,NA,NA,NA,NA
HYPORTHODUS FLAVOLIMBATUS,-0.20354614872243548,0.08600563897447489,0.049850466801502534,0.44449214459908926,0.3651338795418163,1.151739260461561,0.34471163460506504,0.012399820319636328,0.6146095845594458,0.5595538109250809
HYPORTHODUS NIVEATUS,-0.09942276422765464,0.27591555410669377,0.7424710110587679,0.04148553696146867,-0.2780192840513751,1.0743699186992437,0.2754874033423016,0.02992321917256444,0.8352474249830474,0.7803298999773965
HYPSOBLENNIUS HENTZ,NA,NA,NA,NA,NA,NA,NA,NA,NA,NA
IOGLOSSUS CALLIURUS,-0.23299999999995924,NA,NA,1,NA,0.6569999999998852,NA,NA,1,NA
KATHETOSTOMA ALBIGUTTA,0.034924330009847064,0.03190438197112045,0.2993320280370847,0.10700509904516768,0.017705608949684315,0.3995068646590822,0.18516542494268826,0.05634042160461175,0.3176435299913227,0.2494078829904549
LACHNOLAIMUS MAXIMUS,0.008109610626079585,0.06628357378305738,0.9050478763301715,0.0014946467790473903,-0.098355888543048,0.001929919972523453,0.03637441697622225,0.9587313965303546,2.8142604035385485e-4,-0.09969043135561084
LACTOPHRYS QUADRICORNIS,-0.07620347265433644,0.16038776779571803,0.6815315753983039,0.10142213746828853,-0.34786679379756724,0.8946434985624387,0.9758674484856689,0.4560429046037807,0.29588932163189247,-0.05616601755216122
LACTOPHRYS TRIGONUS,0.21450000000015687,0.17181996979000352,0.4299513074766079,0.6091462634272795,0.21829252685455902,-0.6505000000002373,0.28233222682124853,0.2606885788889764,0.8414842877328275,0.6829685754656549
LAGOCEPHALUS LAEVIGATUS,0.03594688381924255,0.021281659692563334,0.12208531362975028,0.22197539571340993,0.14417293528475084,0.3767276296091175,0.17399834478835868,0.05562638493073552,0.3191606598250383,0.25107672580754203
LAGODON RHOMBOIDES,0.08810825950745203,0.02406214237271312,0.0052217408822258175,0.5983580940412901,0.5537312156014335,-0.3377758445438895,0.18959287113337894,0.10850424095255312,0.26072233912581083,0.17858037680645655
LARIMUS FASCIATUS,-0.0040132383620606225,0.043554018606384165,0.9284034855531924,8.483300749458999e-4,-0.09906683691755958,0.039405940054555146,0.11569094538642645,0.740441670179866,0.011468722897880822,-0.08738440481233112
LEIOSTOMUS XANTHURUS,0.005251272455144125,0.02057658060399316,0.8037358881993272,0.006470879205141231,-0.09288203287434471,0.0015475080571103598,0.12606361501733374,0.9904471766201761,1.5068838544157722e-5,-0.09998342427760143
LEPOPHIDIUM BREVIBARBE,0.0030340075314502853,0.017746445493975745,0.8676616688189744,0.002914358755820649,-0.09679420536859729,0.2555841304687795,0.15284604185209227,0.12543998226150666,0.2185145154418518,0.14036596698603687
LEPOPHIDIUM CROSSOTUM,0.2373958333333439,NA,NA,1,NA,-0.09268750000000497,NA,NA,1,NA
LEPOPHIDIUM ENTOMELAN,0.003000000000001025,NA,NA,1,NA,-0.00625000000000402,NA,NA,1,NA
LEPOPHIDIUM JEANNAE,-0.010464306694250228,0.052711445581631454,0.8466156809647385,0.0039255711857125045,-0.0956818716957164,0.03009039582109028,0.046940568368778815,0.5359158244436608,0.039470254979533353,-0.05658271952251326
LEUCORAJA GARMANI,NA,NA,NA,NA,NA,NA,NA,NA,NA,NA
LEUCORAJA LENTIGINOSA,-0.4355599189352246,NA,NA,1,NA,0.3264721642456298,NA,NA,1,NA
LIOPROPOMA EUKRINES,NA,NA,NA,NA,NA,NA,NA,NA,NA,NA
LONCHOPISTHUS MICROGNATHUS,0.0898721841491907,0.14538097591870108,0.5536418320770196,0.04559108555540621,-0.07371002875016797,-0.3354056302489807,0.6091715942045207,0.5969476539300749,0.03651055086390657,-0.08392563027810507
LOPHIODES RETICULATUS,-0.017218518183166782,0.10507849411912897,0.8849011461472329,0.013247746158221347,-0.48012838076266795,-0.38692446150683274,0.7307705504915837,0.6493732668110588,0.12293910602674858,-0.3155913409598772
LOPHIUS AMERICANUS,-0.13790000000000757,0.36659602425556875,0.7429500115335508,0.06607469657060272,-0.4008879551440958,0.1178999999999683,2.2871366667734776,0.9635734225629137,0.0013268955437800434,-0.49800965668432995
LOPHIUS GASTROPHYSUS,0.24153186592709716,0.08571443761281496,0.21709637486848576,0.8881478455514059,0.7762956911028118,1.0884330225423406,0.6218526432613906,0.33045058157680135,0.7539112440713345,0.507822488142669
LUTJANUS ANALIS,0.174640354412594,0.0789625412504757,0.09145428437076279,0.5501349504976998,0.4376686881221248,0.06410613675091278,0.03470925304836995,0.13847863682784756,0.4602771925166259,0.32534649064578236
LUTJANUS CAMPECHANUS,-0.007749441064855513,0.016505299729411806,0.6487736894427598,0.021568714398258658,-0.0762744141619156,0.12338273822267753,0.10898099590306394,0.28398879760456125,0.1136136061778315,0.024974966795614506
LUTJANUS GRISEUS,-0.00269824038051591,0.0385135256178874,0.9455274962310302,4.905932935661432e-4,-0.09946034737707721,-0.026200142791450668,0.02792579141061857,0.37024552698475366,0.08090181165736043,-0.011008007176903645
LUTJANUS SYNAGRIS,0.056576159674430214,0.017905302508743115,0.010163237569246262,0.49959912223379593,0.4495590344571754,-0.04663530752339163,0.019915878641296597,0.041225941172338756,0.3541369205067078,0.28955061255737846
LUTJANUS VIVANUS,0.05038127828053641,0.11952265251329605,0.6950408746553198,0.04253072390544161,-0.19683659511819784,-0.04682840780542837,0.010122473429179199,0.00983534092392488,0.8425293752733125,0.8031617190916407
MENTICIRRHUS AMERICANUS,-0.0711037119161278,0.039982080755717866,0.10905317029079659,0.2600308462600069,0.17781205140000766,0.4031200415451009,0.38373419408310183,0.3208680850535956,0.10922751733881292,0.010252797043125317
MENTICIRRHUS LITTORALIS,-0.06913443757129197,0.10100109355699913,0.5156798952509205,0.06273380497891999,-0.07116136573837717,0.18931111307452542,0.7038863631229948,0.7957218251957725,0.010227848941495515,-0.13116817263829073
MENTICIRRHUS SAXATILIS,-0.21265893045787262,0.09376440773807161,0.06384162536788061,0.46158810968500025,0.3718527946325003,0.2051002046090074,0.10357468650051033,0.09499554441583193,0.3952377157761452,0.294444001738836
MICROPOGONIAS UNDULATUS,0.007471442724835068,0.01673534049039591,0.6647865784793504,0.01954199219597903,-0.07850380858442318,0.06969841861905945,0.08149134023691122,0.4124156799225057,0.06816507427277797,-0.025018418299944223
MICROSPATHODON CHRYSURUS,0.08250978264903659,0.21118957333606575,0.7337146015033484,0.07090791345252134,-0.39363812982121793,0.6202170726658444,1.0420143099889592,0.6120806250822568,0.15048144143657252,-0.27427783784514137
MONACANTHUS CILIATUS,-0.062455218151322524,0.031374310473401515,0.07454010591061601,0.2838051505759834,0.21218566563358154,0.0048191288263052705,0.013545823464884716,0.729407105595161,0.012498673896292877,-0.08625145871407791
MONACANTHUS HISPIDUS,-0.10896757203713375,0.10163949210785732,0.32489221480618796,0.16076823357886272,0.020896272508673097,0.2886105494117711,0.5346842723429002,0.6087843679081313,0.046311096422197565,-0.11263705417410286
MONACANTHUS SETIFER,-0.588999999999898,NA,NA,1,NA,-3.7299999999993836,NA,NA,1,NA
MONACANTHUS TUCKERI,NA,NA,NA,NA,NA,NA,NA,NA,NA,NA
MONOLENE SESSILICAUDA,NA,NA,NA,NA,NA,NA,NA,NA,NA,NA
MUGIL CEPHALUS,-0.015833333333331614,NA,NA,1,NA,0.564333333333294,NA,NA,1,NA
MULLOIDICHTHYS MARTINICUS,0.21917480314958443,NA,NA,1,NA,-0.09563307086613153,NA,NA,1,NA
MULLUS AURATUS,-0.10596179111542743,0.061916658557124596,0.11779879508984067,0.2265305279276598,0.1491835807204257,0.24751855714627044,0.14773176975701308,0.12478140284476766,0.21918698871744258,0.14110568758918673
MURAENA RETIFERA,0.5115786142264493,0.48287807139788813,0.4004433223604791,0.35946820970213966,0.03920231455320944,-0.24311817483484016,0.29618233299123636,0.4980093379413356,0.2519946247940974,-0.12200806280885379
MUSTELUS CANIS,0.015695284492324064,0.08034318389679443,0.849986998694312,0.00474770263159978,-0.11965883453945025,-0.09140230170644778,0.3262689601933575,0.786474542120005,0.009714781930559016,-0.11407087032812124
MUSTELUS NORRISI,-0.024862916968056762,0.11625660860909402,0.850476478560547,0.022357283463655616,-0.46646407480451657,-2.529074150475023,0.4758974807153017,0.0336320934607163,0.9338669307891178,0.9008003961836766
MUSTELUS SINUSMEXICANUS,-0.1542105843566336,0.06044776999371531,0.04342398975465021,0.5203186434028364,0.44037175063664247,-0.47045156659529297,0.2713649159087606,0.13367891799612092,0.3337434152358739,0.22270065110851955
MYCTEROPERCA BONACI,NA,NA,NA,NA,NA,NA,NA,NA,NA,NA
MYCTEROPERCA MICROLEPIS,0.0016622720644013126,0.13858035567579832,0.9907643043261294,2.0553884078417222e-5,-0.14283365270391024,-0.07395532569791152,0.13848253143705475,0.6098458425415185,0.03914780939358146,-0.09811678926447831
MYCTEROPERCA PHENAX,0.032611515762240056,0.06703705905505777,0.6371189404490807,0.023118203389818834,-0.07456997627119932,-0.1074418528361864,0.11000889295776164,0.3517696553000973,0.08708104171453672,-0.004210854114009788
MYLIOBATIS FREMINVILLEI,-0.015361369881131143,0.023851888437616087,0.5654068202407344,0.12146524894065071,-0.1713796680791324,-0.3962600357054054,0.24311100226956645,0.20160324923661138,0.4696605029179149,0.2928806705572198
MYROPHIS PUNCTATUS,0.09124999999998573,NA,NA,1,NA,1.4099999999997577,NA,NA,1,NA
NARCINE BANCROFTII,0.9514783508341407,0.20956692216732753,0.13801444006909452,0.9537326832479951,0.9074653664959902,-1.7372331131028842,3.889373457251514,0.7325725199725545,0.1663237712651816,-0.6673524574696368
NARCINE BRASILIENSIS,0.10939121558325866,0.1429044062333276,0.4690013099871131,0.07724362903715466,-0.0545787096718231,0.5044073217466649,0.5820264937778911,0.4148551765783469,0.09689824311046892,-0.03211629358803547
NEOBYTHITES GILLII,-0.01941363429444838,0.04154002579221635,0.6527166581556665,0.026576155619794803,-0.0951018249277309,-0.07669232274619854,0.19103116617788368,0.6985884263705529,0.01974888971574667,-0.10278249906978498
NEOCONGER MUCRONATUS,NA,NA,NA,NA,NA,NA,NA,NA,NA,NA
NEOEPINNULA AMERICANA,NA,NA,NA,NA,NA,NA,NA,NA,NA,NA
NEOMERINTHE HEMINGWAYI,-0.006134297720601368,0.04206758374335596,0.8869609327304118,0.002121837316659502,-0.09766597895167473,0.32779792159214494,0.25000674610204116,0.21911260322406723,0.14669439897620684,0.06136383887382746
NEONIPHON MARIANUS,NA,NA,NA,NA,NA,NA,NA,NA,NA,NA
NESIARCHUS NASUTUS,NA,NA,NA,NA,NA,NA,NA,NA,NA,NA
NICHOLSINA USTA,-4.019503562957061e-5,0.05819801166587087,0.9994625168956182,4.7701113907480134e-8,-0.09999994752877472,8.731640305675741e-4,0.03072296219079751,0.9778859122711545,8.076634378970873e-5,-0.0999111570218314
OCYURUS CHRYSURUS,0.015203507692183841,0.04928338566524996,0.7640389062881611,0.009426989355409946,-0.08963031170904912,0.0029323619068392166,0.032643875865020065,0.9301969347644037,8.062716737753087e-4,-0.0991131011588473
ODONTOSCION DENTEX,-0.6444999999999929,NA,NA,1,NA,0.21749999999999517,NA,NA,1,NA
OGCOCEPHALUS CORNIGER,0.012139041807205066,0.04154375790732648,0.7761069282949049,0.008465741067204387,-0.09068768482607514,-0.021736599483161336,0.07244388007666154,0.7702854774957575,0.008922517519526479,-0.09018523072852092
OGCOCEPHALUS CUBIFRONS,-0.1227710060699687,0.044650955657440046,0.025075512598360595,0.48586596640321306,0.4215992122036146,0.04534739118261086,0.020920416885487507,0.06204880913987126,0.37000686157855217,0.2912577192758712
OGCOCEPHALUS DECLIVIROSTRIS,-0.03043479639690087,0.024386089342374417,0.24350851393039952,0.14753368725805016,0.05281520806450013,-0.05501131871367193,0.05718734990630951,0.3612061815028659,0.09323060697669139,-0.0075215478036763095
OGCOCEPHALUS NASUTUS,-0.4005784581739167,0.34371501848569536,0.4514570464046899,0.5759558758116603,0.1519117516233206,-0.8246574630947171,1.1227927028215294,0.5967093050453538,0.3504156938142713,-0.2991686123714574
OGCOCEPHALUS PANTOSTICTUS,-0.019198016099933435,0.048532069675915446,0.7016324453621124,0.017089391193950556,-0.09212289867338819,-0.027750333801046294,0.19201965912846175,0.8882757738127559,0.0023152391806296768,-0.10853862313263374
OGCOCEPHALUS PARVUS,-0.054533983439574545,0.05767412402710323,0.36666263630227025,0.082069576773538,-0.009723465549108301,0.23289612818298258,0.1358257689187139,0.11717379901779769,0.2272076730797493,0.14992844038772413
OGCOCEPHALUS RADIATUS,0.19512252712153952,0.1305273258902376,0.17859603679561364,0.24198637537923,0.13369871471911998,-0.10911687265406209,0.2641995584549575,0.6919573609301329,0.023788418033333418,-0.11567037939047609
OGCOCEPHALUS ROSTELLUM,NA,NA,NA,NA,NA,NA,NA,NA,NA,NA
OLIGOPLITES SAURUS,0.07456743443616977,0.5160119344089636,0.8942618993166305,0.006912658480813579,-0.3241164553589151,1.9570724054143482,1.5017310833677882,0.2835034398456089,0.3614791621373597,0.14863888284981286
OPHICHTHUS GOMESII,-0.036871224006983054,0.0634912336088196,0.5774114673100935,0.04045059667569212,-0.07949307873984646,0.5080381696607595,0.29715773682503965,0.12570089880839522,0.2675958666161768,0.17604534994319898
OPHICHTHUS PUNCTICEPS,-0.1176174343660876,0.10204503445455464,0.275881213009185,0.11727014577161349,0.028997160348774642,0.1117259657447514,0.08722637781439406,0.22914589909454192,0.14094049867382763,0.05503454854121037
OPHICHTHUS REX,-0.23342857142860102,0.15464739353296847,0.37249597616040153,0.6949696642043433,0.3899393284086865,-0.4117857142857087,1.003476007156663,0.7520972125984227,0.1441248825000613,-0.7117502349998774
OPHIDION ANTIPHOLUS,-0.2075719781883027,0.18776640683514131,0.3309670998236139,0.23402252654578412,0.042528158182230213,0.334214399234018,0.23931987077514513,0.23506638659176032,0.32776061031858506,0.15970076289823132
OPHIDION BEANI,-0.18321082470910305,0.060878053508972366,0.01967680354936491,0.5640510088004906,0.501772581486275,0.09656558956647976,0.03388364713910507,0.024691365903641436,0.5370991300171462,0.47097043430530994
OPHIDION DROMIO,-0.412722404227019,0.13446180845934147,0.0917648798920227,0.8248910333975515,0.7373365500963274,0.07230838277365373,0.08416826133218822,0.480817188576635,0.26955079167747015,-0.09567381248379458
OPHIDION GRAYI,-0.17478980127035346,0.11745809994419537,0.17090006730321752,0.19746411607430397,0.1082934623047822,0.05323965592758267,0.4162209559019055,0.9010311487687812,0.001814643346349122,-0.10909484072627884
OPHIDION HOLBROOKII,-0.03954717510113559,0.03706304777243137,0.311043312650838,0.10221634956048768,0.012437984516536327,0.036120194108337604,0.06659795262032941,0.5994465662771267,0.028575091512060884,-0.06856739933673306
OPHIDION JOSEPHI,-0.07325467999986057,NA,NA,1,NA,-0.5289663901606784,NA,NA,1,NA
OPHIDION MARGINATUM,0.473952466907287,NA,NA,1,NA,-0.617575210589581,NA,NA,1,NA
OPHIDION SELENOPS,-0.1792767686460319,0.07960220830386296,0.050823725794500216,0.3604419123741473,0.28937990263794144,0.104199977959111,0.07016621957280167,0.17169190154503003,0.1968128098884816,0.10756978876497947
OPHIDION WELSHI,0.08752551635910373,0.04169682634935438,0.07397019444190121,0.38629821842208006,0.29862653533952,0.44258003752399533,0.2792216244379919,0.1569740521447093,0.26411696344743746,0.1589908153684999
OPHIOBLENNIUS ATLANTICUS,NA,NA,NA,NA,NA,NA,NA,NA,NA,NA
OPISTHONEMA OGLINUM,-0.04241178515242252,0.04300558436703794,0.34729852761214375,0.08863695222575306,-0.002499352551671663,0.18734609398862676,0.17123087522310373,0.2995585373034736,0.10691044622447687,0.017601490846924528
OPISTOGNATHUS LONCHURUS,0.0036170212765982757,0.18223483150271153,0.9854108110823986,1.3129889372822596e-4,-0.3331582681416956,0.5106234042553327,0.1747514651599809,0.061396740493267786,0.7399912084562995,0.653321611275066
OPSANUS BETA,0.023128118901095448,0.1029860220820865,0.829762213240542,0.008335612600866191,-0.1569417852989894,-0.37400250755179704,0.5930705757797363,0.5515363509479365,0.06216037159137202,-0.09414623314339932
OPSANUS PARDUS,-0.031711487621410385,0.06744139083229905,0.6482934849375792,0.02163130609637591,-0.07620556329398664,-0.02747466474249862,0.3425850558041157,0.937662007426495,6.42759845867248e-4,-0.09929296416954614
OPSANUS TAU,0.24822464162043467,0.5236537758204381,0.6821918613132847,0.10100201301551424,-0.3484969804767286,1.1081054064117324,2.43343251214677,0.693503689157542,0.09393998856003619,-0.3590900171599458
ORTHOPRISTIS CHRYSOPTERA,0.019738493851969612,0.058191702690374054,0.741476250448099,0.011374639430701652,-0.08748789662622825,-0.10796062395742012,0.11030867430888767,0.35080469039584705,0.0874147805744309,-0.0038437413681260413
OSTICHTHYS TRACHYPOMA,NA,NA,NA,NA,NA,NA,NA,NA,NA,NA
OTOPHIDIUM DORMITATOR,NA,NA,NA,NA,NA,NA,NA,NA,NA,NA
OTOPHIDIUM OMOSTIGMA,-0.041153765118411005,0.0402668214361886,0.33085652851008485,0.09457511500437314,0.004032626504810288,0.0364367752895915,0.04280787982285947,0.4145922030356729,0.06755473272117664,-0.02568979400670579
OXYPORHAMPHUS MICROPTERUS,NA,NA,NA,NA,NA,NA,NA,NA,NA,NA
PAGRUS PAGRUS,-0.004614440413921653,0.040924675691961204,0.9124565928456292,0.001269742916981377,-0.09860328279132058,-0.03468725543433277,0.052688627006758894,0.5251832256512696,0.04154124813304048,-0.054304627053655574
PARABLENNIUS MARMOREUS,-0.28654931515853016,0.06835691024972385,0.0018521881305335116,0.6373199791113856,0.6010519770225241,0.13639846074978,0.03628757880612964,0.0037293793674048363,0.585556210068997,0.5441118310758968
PARACLINUS MARMORATUS,NA,NA,NA,NA,NA,NA,NA,NA,NA,NA
PARACLINUS NIGRIPINNIS,NA,NA,NA,NA,NA,NA,NA,NA,NA,NA
PARACONGER CAUDILIMBATUS,0.23166421327141387,0.10313737218770219,0.05132327838788948,0.3592156048655175,0.2880173387394639,0.2785361618959046,0.2650467097372632,0.3207046059244162,0.10929711282278545,0.01033012535865041
PARADIPLOGRAMMUS BAIRDI,0.07236732186732298,0.11747878970280258,0.600659068021949,0.1594731799530986,-0.2607902300703522,0.00297420147420043,0.012989761587715292,0.8401783695978672,0.025542953544407495,-0.4616855696833888
PARALICHTHYS ALBIGUTTA,-0.005680690489484591,0.049561411886359784,0.9110156897668529,0.0013120329215161664,-0.09855676378633227,-0.01594514142598943,0.04592192349306028,0.735620546900478,0.01191274667388077,-0.08689597865873133
PARALICHTHYS DENTATUS,NA,NA,NA,NA,NA,NA,NA,NA,NA,NA
PARALICHTHYS LETHOSTIGMA,-0.028432741743452002,0.015458951990659983,0.09571745150579664,0.2527726768987823,0.17804994458866052,0.15383462129030867,0.2041098843022558,0.4684125035520412,0.053750881189548,-0.04087403069149742
PARALICHTHYS SQUAMILENTUS,0.0488809931129683,0.06128934591849164,0.4436601924653786,0.059803771481542686,-0.03421585137030303,0.14005688396033297,0.20118410353757604,0.5021861698064572,0.04622404676854804,-0.049153548554597304
PAREQUES IWAMOTOI,0.005021166513999777,0.04538264948854553,0.9140903543551496,0.001222638996776731,-0.09865509710354559,0.3473052509656094,0.21881481791852544,0.14354851326013254,0.20122935599833244,0.12135229159816563
PAREQUES UMBROSUS,-0.028721934650809258,0.03291508593684147,0.40334330728249335,0.07075658819769373,-0.022167752982537037,-0.029323562393372093,0.23492801186220152,0.9031400980745932,0.0015555635352487345,-0.0982888801112265
PAREXOCOETUS BRACHYPTERUS,0.4112365651589983,0.2053571949697608,0.29484380931062215,0.8004062741554899,0.6008125483109799,-0.4827408195252887,0.6935372276218655,0.6128879755519654,0.32636983767021843,-0.34726032465956314
PEPRILUS ALEPIDOTUS,-0.00185792589146685,0.042319446230944,0.967086403693618,4.816234380415555e-4,-0.24939797070244807,0.531109376775041,0.10344673876519046,0.006818938093208508,0.8682447770156481,0.8353059712695601
PEPRILUS BURTI,-0.0439301733557366,0.02119932283861209,0.0681159369508997,0.32301283644680173,0.24779204049644632,-0.022627237640538388,0.0970411393092184,0.8208448853649309,0.006004724868583409,-0.10443919459046302
PEPRILUS PARU,-0.006436284335345575,0.03145125297824465,0.841956076083052,0.004170417774408168,-0.09541254044815117,-0.064419197356056,0.2592408797880758,0.8087827093145961,0.006136916365269257,-0.09324939199820381
PERISTEDION GRACILE,-0.1031143716237887,0.0628760129779285,0.13964316204077834,0.25160067823941984,0.15805076301934728,-0.546140732635826,0.19212543542131416,0.021724036052268598,0.502503706859962,0.44031667021745724
PHAEOPTYX CONKLINI,-0.5762499999999953,NA,NA,1,NA,2.7529999999999686,NA,NA,1,NA
PHAEOPTYX PIGMENTARIA,-0.006600448811752719,0.07659325389185223,0.9337401792640572,0.0010597596087809742,-0.14164598901853598,-0.003631850612135247,0.03190704273113059,0.9125716325579203,0.0018474883522520966,-0.14074572759742598
PHAEOPTYX XENUS,0.025452931145421118,0.13766457977519506,0.8585573838448541,0.00485978900119367,-0.13730309828434994,-0.0054047446106785324,0.07701486556684083,0.9460148228814523,7.030686688177771e-4,-0.14205363580706543
PHTHEIRICHTHYS LINEATUS,NA,NA,NA,NA,NA,NA,NA,NA,NA,NA
PHYSICULUS FULVUS,-0.01330666027391877,0.06616904458383596,0.8472637011988359,0.006695140885893829,-0.1588556689664573,-0.013419635449583389,0.2958100309564191,0.9652879934099037,3.428904986927435e-4,-0.16626662775152523
PLECTRYPOPS RETROSPINIS,NA,NA,NA,NA,NA,NA,NA,NA,NA,NA
POGONIAS CROMIS,0.0999912865945249,0.3413486746523692,0.7971725319626785,0.041138981790431545,-0.4382915273143526,-0.006430374573528413,0.3168640859887168,0.9856515976822147,2.0587664907310564e-4,-0.4996911850263903
POLYDACTYLUS OCTONEMUS,-0.13595832373616898,0.10205867337970685,0.253639838570112,0.3073168618238248,0.134146077279781,-0.11073135539430932,0.11315025814989782,0.3831773644207379,0.1931744860559026,-0.008531892430121868
POLYDACTYLUS VIRGINICUS,NA,NA,NA,NA,NA,NA,NA,NA,NA,NA
POMACANTHUS ARCUATUS,0.03568875415954705,0.015133089672465934,0.040067545379525414,0.3573966881390618,0.2931363569529679,-0.03612456510710612,0.011080991915119352,0.0085734399471694,0.5152199769719953,0.46674197466919476
POMACANTHUS PARU,-0.20970062778605272,0.14747678014581983,0.2281109028964827,0.33575396313302086,0.16969245391627608,0.037582551699410244,0.05654278399397082,0.5426186811680045,0.09946262189526466,-0.1256717226309192
POMATOMUS SALTATRIX,-0.06112327792563002,0.06639945905564007,0.38791437582480925,0.1079838634127998,-0.01944701324251441,0.6741979667528987,0.3446446595790245,0.09132799174894571,0.35345413606297066,0.2610904412148236
PONTINUS LONGISPINIS,0.029533817500366204,0.07945010141001706,0.7197483230871569,0.016979421308234904,-0.10589815102823574,0.23884723448502843,0.3336508246293657,0.49443952189032836,0.060200650260229985,-0.05727426845724115
PORICHTHYS PLECTRODON,-0.016049498149162792,0.025375058025699004,0.5412572138293977,0.03846569718127743,-0.05768773310059494,0.4993457932978912,0.1704408228001391,0.015047685235908726,0.46188316099145854,0.4080714770906043
PRIACANTHUS ARENATUS,-0.09009035913961387,0.06356056958102223,0.18676377953689188,0.16729156359577493,0.08402071995535232,0.6086658023249555,0.12881550796497493,8.101647842606332e-4,0.6906566938959271,0.6597223632855198
PRIONOTUS ALATUS,0.019109360971683583,0.04309581945033023,0.6669045167776888,0.019282614399974314,-0.07878912416002826,0.05026620169166298,0.05267701147264027,0.36246224004185723,0.08345699266987396,-0.008197308063138786
PRIONOTUS CAROLINUS,NA,NA,NA,NA,NA,NA,NA,NA,NA,NA
PRIONOTUS LONGISPINOSUS,-0.002923506694235483,0.023636951134821886,0.904283869438792,0.0016968568249189856,-0.10922571463897901,-0.08510110731081662,0.07836960924010548,0.3057532535818525,0.11584114718086122,0.017601274645401288
PRIONOTUS MARTIS,-0.03978852115536404,0.053785403277071674,0.47645076338299064,0.051885672091775824,-0.042925760699046744,0.030219250293275587,0.03986306486434171,0.4658950700817497,0.054344896931650157,-0.04022061337518501
PRIONOTUS OPHRYAS,-0.06455022792192783,0.027856171009285,0.04297221993631049,0.3493706253464734,0.2843076878811207,0.02982140776975634,0.01738034097183689,0.11695819751204246,0.22744205108776075,0.1501862561965367
PRIONOTUS PARALATUS,0.06261679215212423,0.052175879295415735,0.2577554739758562,0.12589429021193002,0.03848371923312288,0.2877044451548349,0.16985152161435033,0.12115762435189868,0.22294830398780802,0.14524313438658865
PRIONOTUS PUNCTATUS,NA,NA,NA,NA,NA,NA,NA,NA,NA,NA
PRIONOTUS ROSEUS,-0.1813761819916617,0.029733880539922392,1.1569628400009266e-4,0.7881795694601117,0.7669975264061228,0.5493882865520161,0.12254996488532517,0.0011736046991360513,0.6677415718693411,0.6345157290562753
PRIONOTUS RUBIO,-0.0024433423393290386,0.023074623957899068,0.9177646461245227,0.0011199862751697283,-0.09876801509731337,0.2432494741134933,0.08149799654961645,0.013696497322894298,0.47114040031670096,0.4182544403483711
PRIONOTUS SCITULUS,-0.04333388580294198,0.10052441864594118,0.6755559492308065,0.0182438197423812,-0.0799317982833807,0.21636479661854277,0.16169272219128572,0.21048705063952913,0.15186486575385402,0.06705135232923942
PRIONOTUS STEARNSI,0.14201597547230663,0.045937662353107284,0.011414886597669574,0.4886827817238872,0.43755105989627596,0.3624951349729838,0.15257617795270664,0.0388882614922368,0.3608006047829604,0.29688066526125634
PRIONOTUS TRIBULUS,-0.10810994864597573,0.03270008971409382,0.007931299698287953,0.522224538304292,0.4744469921347212,0.5734319434724338,0.12723782042612672,0.0011312071157826113,0.6700867751687682,0.637095452685645
PRISTIGENYS ALTA,-0.08254043830676273,0.06029037683316194,0.20094662529793916,0.1578446164173353,0.07362907805906871,0.2129261972082536,0.05581416775740897,0.00340174734889653,0.5927271099319249,0.5519998209251173
PRISTIPOMOIDES AQUILONARIS,0.07344824212311217,0.0417969160041637,0.10938721012308253,0.23594009309600608,0.15953410240560661,0.3014997828344304,0.15908276338972646,0.08730512612201877,0.26426926350708596,0.19069618985779457
PROGNATHODES AYA,-0.020783911412918056,0.133856738374416,0.8800351806414035,0.002671589755475932,-0.1081426780494712,0.20818555632895305,0.19068445646229598,0.30329276570793445,0.11695313026460559,0.018836811405117282
PRONOTOGRAMMUS MARTINICENSIS,0.6909371118012777,0.13298932042801698,0.006536603990581821,0.8709366196214247,0.8386707745267808,-0.4569056677018451,0.938262815718203,0.6517602474102329,0.05596690716371472,-0.1800413660453566
PSEUDOBATOS LENTIGINOSUS,-0.46454275885724905,0.34775353251803764,0.40909194466159143,0.6408647176409337,0.28172943528186734,0.10204662624645076,0.09979623618554342,0.492902481495281,0.5111478321981641,0.02229566439632813
PSEUDOMYROPHIS FUGESAE,1.705999999999897,NA,NA,1,NA,-1.157666666666594,NA,NA,1,NA
PSEUDOMYROPHIS NIMIUS,NA,NA,NA,NA,NA,NA,NA,NA,NA,NA
PSEUDUPENEUS MACULATUS,-0.061770334284828095,0.0597316408222699,0.32543596526250496,0.09661084608065541,0.006271930688720895,0.03687966692538257,0.15434646727954424,0.81597713456583,0.005676859419518977,-0.09375545463852908
PTEROIS VOLITANS,0.3741125183373859,0.06394047915688472,1.6140164392276123e-4,0.7739275670296966,0.7513203237326662,-0.22802462024531275,0.06857466059551254,0.007679760026317258,0.5250978754644392,0.4776076630108831
RACHYCENTRON CANADUM,0.07772145658856076,0.16844392081735193,0.6638830999596876,0.040840586285995614,-0.1509912964568052,-0.81676629016848,0.6259165328164242,0.24874806231098956,0.2540427036160481,0.10485124433925774
REMORA REMORA,NA,NA,NA,NA,NA,NA,NA,NA,NA,NA
RHINOBATOS LENTIGINOSUS,0.13841392962401175,0.12766848776916156,0.3098801097035999,0.1281050741121709,0.01911820837619227,-0.10959912565767364,0.06441144622097877,0.12725446944681024,0.26573597015168343,0.17395296642064395
RHINOPTERA BONASUS,-0.08083188625832333,0.0690489071129331,0.27542833593862986,0.14624904079108628,0.039530170889972016,0.3522128533336509,0.1536303311273223,0.05105723921362899,0.39650031069530806,0.32106284953222153
RHINOPTERA BRASILIENSIS,0.018736842105267604,0.034033279025916276,0.6796138888103674,0.23259888609387727,-0.5348022278122455,-7.105263157874695e-4,0.016940672372282,0.9733145100939191,0.0017560453890057314,-0.9964879092219885
RHIZOPRIONODON TERRAENOVAE,0.1164944949694584,0.03887267998645564,0.017154583251630738,0.5288835857258303,0.46999403394155903,-0.27879070288400076,0.13916790912225954,0.0801095229834456,0.33405949126834555,0.2508169276768888
RHOMBOPLITES AURORUBENS,-0.04143507431258703,0.03890638377431737,0.31191735854767794,0.10186734738697152,0.012054082125668608,-0.02108588468920689,0.04489268598077244,0.6486473524919503,0.021585171298444034,-0.07625631157171164
RHYNCHOCONGER FLAVUS,0.01214344501849621,0.03331229830924248,0.7238778262364541,0.014550122779137782,-0.09494430802318021,0.10655177025670305,0.14898536260749573,0.49263049936744685,0.05377565894855955,-0.05136037894604506
RHYNCHOCONGER GRACILIOR,-0.07047122929385291,0.5183116739536593,0.913970764764954,0.01815041972060788,-0.9636991605587841,-0.2575578465562217,0.33098973733515324,0.5790214055364808,0.37714452118613945,-0.245710957627721
RHYNCHOCONGER GUPPYI,NA,NA,NA,NA,NA,NA,NA,NA,NA,NA
RISOR RUBER,0.8314999999999623,0.40442141928315417,0.1760885488382895,0.6788300793553953,0.518245119033093,-0.28099999999998615,0.21714672458961468,0.3249294785871284,0.4557202088806386,0.18358031332095792
ROSTRORAJA EGLANTERIA,0.017141593175188943,0.06123095715813164,0.7852214815849257,0.0077762442168765175,-0.09144613136143587,-0.024490595489885532,0.041998844827258665,0.5727236924087531,0.0328853128902733,-0.06382615582069939
ROSTRORAJA TEXANA,-0.011187727483924234,0.025150322652734446,0.6659129217197237,0.019403802301731277,-0.07865581746809558,0.44387339212720384,0.15934226023165837,0.019262669202509353,0.4369338532824052,0.3806272386106456
RYPTICUS BISTRISPINUS,-0.11364185131834409,0.05737447531239024,0.07578386526203482,0.28177369795586565,0.20995106775145211,0.05998752931789215,0.033859392224222275,0.10686324132242513,0.23889548091209928,0.16278502900330916
RYPTICUS MACULATUS,0.03977516920483725,0.0376164745309511,0.31520919914403794,0.10056308729179624,0.010619396020975724,-0.014964996220737508,0.24037975225621652,0.9515860134742409,3.8742636049040387e-4,-0.09957383100346062
RYPTICUS SUBBIFRENATUS,NA,NA,NA,NA,NA,NA,NA,NA,NA,NA
SARDINELLA AURITA,-0.010629194587526864,0.038285508590492734,0.7869517320848082,0.007648869350715626,-0.09158624371421298,0.019756250052969382,0.243831980224526,0.9370215328507812,6.560586729424877e-4,-0.09927833545976328
SARDINELLA BRASILIENSIS,-0.0371666666666624,NA,NA,1,NA,2.2999999999997285,NA,NA,1,NA
SARGOCENTRON BULLISI,-0.01113035598017103,0.09411521021646575,0.9084566327368442,0.001551606495079732,-0.10938710389435591,0.01929079892428788,0.04174201855975237,0.6549468894815212,0.023180632778272467,-0.08535485246858632
SARGOCENTRON CORUSCUM,NA,NA,NA,NA,NA,NA,NA,NA,NA,NA
SAURENCHELYS COGNITA,-0.12305128205129459,0.11622505034378726,0.48184301958130266,0.5285054539069646,0.057010907813929146,0.031089743589747722,0.007527759279045689,0.15123411270317424,0.9446198373499528,0.8892396746999056
SAURIDA BRASILIENSIS,-0.0010375783130938006,0.017788208086650003,0.9546352556674175,3.4011801257530125e-4,-0.0996258701861672,0.24092749044053474,0.14483761043033488,0.1272026548429557,0.21673096690461002,0.13840406359507096
SAURIDA CARIBBAEA,NA,NA,NA,NA,NA,NA,NA,NA,NA,NA
SAURIDA NORMANI,-0.014742201511742123,0.029121971866950227,0.6236730817819276,0.0249858455514831,-0.0725155698933686,-0.11746277036097505,0.06256384851884268,0.08989467430598697,0.26062600141814385,0.18668860155995814
SCARUS ISERI,NA,NA,NA,NA,NA,NA,NA,NA,NA,NA
SCARUS TAENIOPTERUS,NA,NA,NA,NA,NA,NA,NA,NA,NA,NA
SCHULTZEA BETA,-0.04791450222981397,0.03138775303834135,0.17071207532144253,0.24975689238628412,0.14257930558432474,0.008764980071331903,0.013840779403139674,0.5466805242777483,0.054186162591758597,-0.080930099895133
SCIAENOPS OCELLATUS,0.014069568674220668,0.11613952184657302,0.9146510532456649,0.007284442712074603,-0.48907333593188795,0.7874073742794832,0.5031138866006377,0.2580397784354958,0.5505049703840472,0.32575745557607083
SCOMBER COLIAS,-0.03597120976000838,0.09118436405912557,0.7024051476384369,0.016997361645594424,-0.09222515372711748,0.2997984720227224,0.41672263396798076,0.4901403483396777,0.054379951159556066,-0.05068894315604888
SCOMBER SCOMBRUS,NA,NA,NA,NA,NA,NA,NA,NA,NA,NA
SCOMBEROMORUS CAVALLA,-0.13879890305995563,0.1296847186101807,0.32000329252868304,0.1406296192018517,0.01786242194497345,0.08154711626538896,0.5518019536540227,0.8866805436084089,0.0031102824118468433,-0.13930253438646067
SCOMBEROMORUS MACULATUS,0.10267778131607475,0.06935343965134434,0.17701119481803335,0.21506146682147126,0.11694415017415505,0.11031186976849663,0.1946953782758021,0.5865345269258022,0.03857950031109091,-0.08159806215002274
SCORPAENA AGASSIZII,0.027093424338499143,0.04743211433133855,0.5804709312587846,0.0315965142545996,-0.06524383431994041,-0.02802072836039096,0.02468925921128775,0.2828732876220386,0.11410972423780227,0.02552069666158241
SCORPAENA BRACHYPTERA,-0.2595000000000721,0.660200032818369,0.76157846742322,0.133822873809433,-0.7323542523811339,0.12765384615390568,0.575951305075851,0.8611442817631103,0.04682408869732267,-0.9063518226053546
SCORPAENA BRASILIENSIS,-0.03560642274504366,0.03765721584658365,0.3666690672056129,0.08206746790917102,-0.009725785299911971,-0.018393123953068274,0.02257318591544359,0.43415058173389165,0.06225981225615651,-0.031514206518227894
SCORPAENA CALCARATA,-0.04507235154977791,0.03338518695554357,0.2067573084019108,0.1541688052958815,0.06958568582546953,0.031812549747134045,0.0195589464657677,0.13490377936051612,0.2092041986606888,0.1301246185267575
SCORPAENA DISPAR,-0.0462951183174814,0.23598389892871163,0.8521941216488345,0.007638455872860903,-0.19083385295256683,0.08714003426621227,0.6482155308089458,0.898305742934806,0.0036013035957375237,-0.1956784356851149
SCORPAENA INERMIS,NA,NA,NA,NA,NA,NA,NA,NA,NA,NA
SCORPAENA PLUMIERI,-0.0035462427746046038,0.18813937270214234,0.9856905886916077,7.105206126630617e-5,-0.19991473752648026,-0.401696531791701,0.9938986218919096,0.7028006467841772,0.03163593311580699,-0.16203688026103147
SELAR CRUMENOPHTHALMUS,0.01974668728896427,0.057885691029042854,0.740062947274311,0.011503269384152182,-0.08734640367743274,0.38285469202950057,0.21133489184689563,0.10014027944865511,0.24709575382449428,0.17180532920694358
SELENE SETAPINNIS,0.001487479906467304,0.019573337789472334,0.9409218014293786,5.771938419807888e-4,-0.09936508677382117,0.10141573885085375,0.08449916674715457,0.25772275142786705,0.12591045439328732,0.03850149983261597
SELENE VOMER,0.2585143573460012,0.08075996467668817,0.012593009818221477,0.5615606303575927,0.5067557091522918,-0.7229486237419036,0.33119734248453503,0.060594227522202455,0.373274629270255,0.29493395792903687
SERIOLA DUMERILI,0.007717839190503569,0.056668967889836774,0.8943724965481197,0.0018513820749975875,-0.09796347971750285,0.2737013814286484,0.27170815415418287,0.3375256929113627,0.09212445901268099,0.0013369049139489997
SERIOLA FASCIATA,-0.10685397370781478,0.09339053876968383,0.335575081334288,0.30380028629565087,0.07173371506086779,-0.23151896894321716,0.7762451372807693,0.7849728459145993,0.02879808759365943,-0.2949358832084541
SERIOLA RIVOLIANA,0.05212771437822467,0.15946153509456573,0.7533024571199194,0.015036528073599259,-0.125672539344458,-0.6772662629748667,0.24321338019882363,0.027115863695345903,0.5255628194875233,0.4577860794143124
SERIOLA ZONATA,0.07811929448982184,0.1779886779518469,0.6723460766588414,0.023513016145935123,-0.0985478568358229,-0.1782319267225329,0.19846485048234383,0.39538077040147646,0.09157997361240153,-0.021972529686048237
SERRANICULUS PUMILIO,0.17190302426904402,0.10791688280099432,0.14984340311881855,0.24079914968292435,0.14589904339328996,0.1342690132013664,0.33167816932345684,0.6962201891075057,0.020073419917261345,-0.10241740259308107
SERRANUS ANNULARIS,0.02405497802476449,0.1311179524804503,0.8633609277322805,0.008344235657219014,-0.23956970542847622,-0.01263357487922077,0.0961261291355586,0.9017828122712122,0.004299700993647152,-0.24462537375794113
SERRANUS ATROBRANCHUS,0.08473126877430641,0.04417656503945448,0.0840844763910944,0.26894052174319344,0.1958345739175128,0.2777875531286874,0.16349235226616968,0.12014553684002242,0.2240177645206375,0.14641954097270116
SERRANUS NOTOSPILUS,-0.08976055904515653,0.08207701152636884,0.2997675605352579,0.10682317311296516,0.017505490424261638,0.13432464595820304,0.07241937109259877,0.09330523066107288,0.2559714426625429,0.18156858692879718
SERRANUS PHOEBE,0.09070693447231609,0.05222326116794871,0.11304792471529447,0.23176468848241383,0.15494115733065517,-0.04644698849141802,0.025474273159446295,0.098247465448575,0.2494964063518462,0.1744460469870308
SERRANUS SUBLIGARIUS,0.055337679726445495,0.10859571534158725,0.6241051843441728,0.03143793266967888,-0.08963232574661117,0.1700754308628253,0.2730083466110008,0.5506474774372152,0.046266674119914815,-0.07294999161509574
SERRANUS TORTUGARUM,-0.005135434473237138,0.01772817156026677,0.7794296199231603,0.010380180134082873,-0.11332229734915678,4.127421183442071e-4,0.010420289702569807,0.969375124658276,1.960752788238699e-4,-0.1247794153113233
SPARISOMA ATOMARIUM,-0.7196428571429001,1.1880631360776204,0.6532838405670482,0.2684208814139742,-0.46315823717205173,0.09442857142858507,0.09922176769075382,0.5157542744229378,0.475263345675676,-0.04947330864864785
SPARISOMA ATROMARIUM,0.15451104895105494,0.1235473410570607,0.2997317816777598,0.34268991121668957,0.12358654828891946,-0.12736292970188381,0.027048645487677294,0.018130130456981475,0.8808175819445612,0.841090109259415
SPARISOMA AUROFRENATUM,NA,NA,NA,NA,NA,NA,NA,NA,NA,NA
SPARISOMA CHRYSOPTERUM,NA,NA,NA,NA,NA,NA,NA,NA,NA,NA
SPHOEROIDES DORSALIS,-0.09227655096094116,0.022181679952514105,0.0019486264078233217,0.6337785919726497,0.5971564511699147,0.028156464221374113,0.012561118164198231,0.0488749476056086,0.3344239220048944,0.26786631420538376
SPHOEROIDES MACULATUS,NA,NA,NA,NA,NA,NA,NA,NA,NA,NA
SPHOEROIDES NEPHELUS,0.13175623229579808,0.05285842625120021,0.03184668235725802,0.38321781922443754,0.3215396011468813,-0.08382582207909264,0.036138714417726654,0.04280502066885722,0.3498195888783192,0.2848015477661511
SPHOEROIDES PACHYGASTER,-0.08286315789476828,0.3519831109542804,0.8528083890256527,0.0525113662765899,-0.8949772674468202,1.1118095975231959,1.1919718050605395,0.5221428409355613,0.4652461523016883,-0.06950769539662338
SPHOEROIDES PARVUS,0.03883410192936339,0.02432998698189222,0.14154126551682003,0.20303914263084247,0.12334305689392666,0.08548180572502906,0.12213947298969989,0.4999650794737944,0.046694670256171834,-0.048635862718211076
SPHOEROIDES SPENGLERI,-0.06253451428628155,0.026029380394970655,0.03715919717720786,0.3659572964623725,0.3025530261086097,-0.02616397905790898,0.027852018409910174,0.36966520583804485,0.08108998556638797,-0.010801015876973352
SPHYRAENA BOREALIS,0.23636681010453992,0.08387052766329325,0.02010488129919352,0.46878978860369847,0.4097664317818872,-0.22043809356416605,0.31381172244037414,0.5001597301634578,0.051977013919504614,-0.05335887342277279
SPHYRAENA GUACHANCHO,-0.04916441720579015,0.04211143959983996,0.2700983068362852,0.11995211694775297,0.03194732864252825,0.20158306676573437,0.1426312879100279,0.18792630177620007,0.16649036741455964,0.08313940415601562
SPHYRNA LEWINI,NA,NA,NA,NA,NA,NA,NA,NA,NA,NA
SPHYRNA MOKARRAN,NA,NA,NA,NA,NA,NA,NA,NA,NA,NA
SPHYRNA TIBURO,0.10506382101462589,0.1118900520987877,0.36986121381345316,0.08102638667750078,-0.010870974654749288,-0.4165311419635604,0.4712659116779371,0.3975258067581874,0.07245956949635152,-0.02029447355401337
SQUATINA DUMERIL,-0.0627747053646734,0.05342512351724303,0.2701426195899275,0.13300086113406995,0.036667623482299905,0.0037331094318191894,0.3675004617183957,0.9921167495054877,1.1465108660230876e-5,-0.11109837210148865
STARKSIA OCELLATA,-0.2662779850746268,0.19072404278866575,0.2570469016121526,0.3938432063183107,0.1917909417577477,0.1198880597014942,0.09783635941520465,0.3078560989422602,0.33356876884667175,0.11142502512889574
STEGASTES FUSCUS,NA,NA,NA,NA,NA,NA,NA,NA,NA,NA
STEGASTES LEUCOSTICTUS,4.82799999999919,NA,NA,1,NA,-4.886999999999208,NA,NA,1,NA
STEGASTES PARTITUS,0.5060841121495331,0.39561527995465645,0.32917133537334775,0.4500110972847776,0.17501664592716648,-0.3983644859813107,0.12908355594771284,0.09090751307993494,0.8264491497745097,0.7396737246617645
STEGASTES VARIABILIS,-0.031657640897114286,0.12493966961095818,0.8056650909680987,0.007083155230302678,-0.1032409386329971,-0.01283628200537682,0.11905362621275362,0.9165043901537987,0.0012900012525003362,-0.10967777638611076
STEINDACHNERIA ARGENTEA,0.014409259846794888,0.017696874186771523,0.4365282433317901,0.0686088025285902,-0.034879108301566486,0.02773378477796801,0.03570148327052244,0.4571927117168315,0.06283739921741131,-0.04129177864732081
STELLIFER LANCEOLATUS,-0.026479300259004874,0.01344196068439602,0.07715743072937972,0.27956489386584377,0.20752138325242797,0.18621017506041493,0.05173728145107007,0.0048547641382618995,0.5643436573070383,0.5207780230377421
STENOTOMUS CAPRINUS,0.04117455718855659,0.028817530145560138,0.18354399888443537,0.16953705063119034,0.08649075569430942,0.18375119038969326,0.13419958401348944,0.2008891997344128,0.15788148394614346,0.07366963234075774
STEPHANOLEPIS HISPIDA,0.17783992668329382,0.07406160775971077,0.04309304868467628,0.4188567288088566,0.3462138199099637,-0.6098030112537612,0.30776210456989067,0.08286764057995283,0.3291959745980094,0.24534547142276064
STEPHANOLEPIS HISPIDUS,0.06844390193579168,0.017302075604401217,0.15763008710866153,0.9399345800791785,0.879869160158357,0.021181394614792508,0.23029358306292494,0.9416107813852053,0.008388551230317978,-0.983222897539364
STEPHANOLEPIS SETIFER,0.047783005207502206,0.078171354658319675,0.5677474001629437,0.06953175574244808,-0.11656189310906218,-0.16807994227271447,0.352918116923051,0.653974578002886,0.04339565221634954,-0.14792521734038044
STRONGYLURA MARINA,NA,NA,NA,NA,NA,NA,NA,NA,NA,NA
SYACIUM GUNTERI,-0.013277268480302359,0.023233853856469026,0.5803027061619446,0.03162415400674943,-0.06521343059257578,0.19023296603625928,0.10912991506937914,0.1119083637594599,0.23305076908026595,0.15635584598829244
SYACIUM MICRURUM,0.10853405177227568,0.12884151704547908,0.48825134639291934,0.26188668446866226,-0.10716997329700662,0.9822701379612332,1.071828623894045,0.4561783520060301,0.29574198482687847,-0.056387022759682104
SYACIUM PAPILLOSUM,-0.046700155660862594,0.024685420967731034,0.08779961139121066,0.263566011706939,0.1899226128776328,0.015896745028400487,0.018982269972277966,0.42190185294236315,0.06553639058164903,-0.027909970360186165
SYMPHURUS CIVITATIUM,0.026947274877147657,0.03366682720011801,0.4497801048476012,0.0838483734035765,-0.04703043039591237,0.27808248479406,0.1498839744079857,0.10593701139337698,0.32964357012889767,0.23387836586159738
SYMPHURUS DIOMEDEANUS,-0.07767497947610469,0.038055818522157045,0.06852343610986325,0.2940848548316117,0.22349334031477286,0.22192896461693493,0.13052882145068254,0.1199251287596333,0.22425179172831416,0.14667697090114562
SYMPHURUS MINOR,NA,NA,NA,NA,NA,NA,NA,NA,NA,NA
SYMPHURUS PELICANUS,NA,NA,NA,NA,NA,NA,NA,NA,NA,NA
SYMPHURUS PLAGIUSA,-0.13304873423275976,0.0672462678481166,0.07605840348967707,0.28132934459359016,0.20946227905294912,0.11404858980042092,0.3221778819425559,0.7306946023071059,0.012375992388208171,-0.08638640837297107
SYMPHURUS UROSPILUS,-0.0787645617298814,0.06451054016755825,0.2501083095261807,0.12973362897884957,0.042706991876734435,-0.010512769580214737,0.07825661400581727,0.8958012569870298,0.0018013957903023614,-0.09801846463066743
SYNAGROPS BELLUS,-0.14775000000000024,0.3448224482735114,0.7422863135856819,0.1551173294978407,-0.6897653410043185,-0.5071249999999963,0.8930886976527205,0.6712296806487243,0.24381860525719704,-0.512362789485606
SYNAGROPS SPINOSUS,NA,NA,NA,NA,NA,NA,NA,NA,NA,NA
SYNAGROPS TRISPINOSUS,0.19399999999996476,NA,NA,1,NA,-0.14799999999997654,NA,NA,1,NA
SYNGNATHUS FLORIDAE,NA,NA,NA,NA,NA,NA,NA,NA,NA,NA
SYNGNATHUS LOUISIANAE,-0.014206954184951884,0.13196272864483805,0.9210625603790723,0.0038486062252677785,-0.32820185836630955,-0.057014255751469976,0.6423338021274885,0.9348652205402608,0.0026192989634527485,-0.32984093471539633
SYNGNATHUS PELAGICUS,NA,NA,NA,NA,NA,NA,NA,NA,NA,NA
SYNGNATHUS SCOVELLI,NA,NA,NA,NA,NA,NA,NA,NA,NA,NA
SYNGNATHUS SPRINGERI,0.05030158730156536,0.5619817548812752,0.9431691951959689,0.007947918768447589,-0.9841041624631048,0.020375661375718602,0.9434911470458314,0.9862536782479334,4.6617101530777234e-4,-0.9990676579693845
SYNODUS FOETENS,-0.00581679300440616,0.01614107187457029,0.7260643029787389,0.012820314688236132,-0.08589765384294035,0.2697652692041951,0.09649353116763748,0.01893427795646343,0.4387017465391584,0.38257192119307415
SYNODUS INTERMEDIUS,0.03723566444756324,0.016561209009616364,0.04831343865657333,0.33577551316742554,0.26935306448416807,0.028715596746576925,0.012095495777234237,0.03900507439425057,0.3604594573369874,0.2965054030706862
SYNODUS MACROSTIGMUS,-0.11082271362962637,0.04648939109257536,0.05448288273914908,0.4864172813177266,0.40082016153734756,0.04114985720619251,0.022369298334367488,0.11544716699648314,0.3606146534909187,0.25405042907273845
SYNODUS POEYI,-0.06741584593915052,0.043169470037202895,0.14943204804641114,0.19606188066547697,0.11566806873202462,0.13664315316296158,0.0901250522187241,0.16043525637478098,0.1869067715237702,0.10559744867614718
SYNODUS SYNODUS,0.3190258096067418,0.2987426307473951,0.33439144171509055,0.18572080973381389,0.022864971680576662,-0.21660646180032697,0.2120755497720519,0.35393074736431007,0.17262181389673664,0.007146176676083971
TORPEDO NOBILIANA,-0.02157142857142791,NA,NA,1,NA,-0.013857142857142608,NA,NA,1,NA
TRACHINOCEPHALUS MYOPS,-0.02712338841578,0.034513605271923195,0.45016052143693774,0.058167563701756034,-0.03601567992806842,0.011654619832715884,0.024139041691472,0.6396243653571441,0.02277973349372007,-0.07494229315690792
TRACHINOTUS CAROLINUS,-0.26281232971540575,0.3592563128785432,0.5049959794100182,0.1180022148090281,-0.10249723148871492,0.9420593556473492,1.1692001716253217,0.4655692759271329,0.13963700474762666,-0.07545374406546679
TRACHINOTUS FALCATUS,NA,NA,NA,NA,NA,NA,NA,NA,NA,NA
TRACHURUS LATHAMI,0.0356321316748264,0.052451072341415876,0.5123391725315343,0.04411443965440803,-0.051474116380151314,0.1625969984423059,0.1832786028233432,0.3958294357176839,0.07296236193450309,-0.01974140187204676
TRICHIURUS LEPTURUS,-0.013972511299324147,0.022615848999198846,0.5505042698685523,0.03676669870426008,-0.05955663142531398,0.0038450613218239337,0.09430452628263065,0.9682795765504104,1.6621463990395456e-4,-0.09981716389610562
TRICHOPSETTA VENTRALIS,0.06091685899557195,0.03760942735654962,0.13636029078244377,0.20782685969658818,0.12860954566624694,0.18443340621367935,0.13007983609755822,0.18663475045482955,0.16738079817057827,0.08411887798763606
TRINECTES MACULATUS,0.052831106079768694,0.033962777275138856,0.15423609667870247,0.2118926454980591,0.12432516166451002,0.08265286342303144,0.2078479433459312,0.7001476131177746,0.017267018990661066,-0.0919255344548211
TYLOSURUS ACUS,NA,NA,NA,NA,NA,NA,NA,NA,NA,NA
UMBRINA COROIDES,0.2869999999997694,NA,NA,1,NA,-0.042999999999982635,NA,NA,1,NA
UPENEUS PARVUS,0.08292919189368501,0.053777231071805154,0.15407979328665178,0.192117237928509,0.11132896172135986,0.2823146197295776,0.1721402377017465,0.1320355000412374,0.2119585740232495,0.13315443142557437
URASPIS SECUNDA,NA,NA,NA,NA,NA,NA,NA,NA,NA,NA
UROBATIS JAMAICENSIS,-0.03724266646893668,0.03260931777678459,0.3171400909772086,0.24590364216795746,0.05737955270994677,0.010698480473656721,0.021124424808213787,0.6391802193110825,0.06025908805001203,-0.174676139937485
UROCONGER SYRINGINUS,-0.24418538074321544,0.2135119953002592,0.31655743557737914,0.24641494589952512,0.05801868237440633,-1.1230909055482445,0.570436020221135,0.12033083869969771,0.49214649773223973,0.3651831221652997
UROPHYCIS CHUSS,NA,NA,NA,NA,NA,NA,NA,NA,NA,NA
UROPHYCIS CIRRATA,0.03459006687117652,0.037073982861998096,0.3751717793405641,0.0881912613681586,-0.013120820702046121,0.060201189235095626,0.1279476786479891,0.6491816478386545,0.0240076269319381,-0.08443597007562431
UROPHYCIS EARLLI,0.14627898695976185,0.23230523107645076,0.5565500184667466,0.0734739736463983,-0.11183123162432196,-0.1423764390749899,0.20611384907602473,0.5204636149541597,0.08711775263974715,-0.09545869683230324
UROPHYCIS FLORIDANA,0.033650631722226355,0.03153388839018118,0.31099961152962785,0.1022338291360267,0.012457212049629351,0.2866460644081589,0.18126634524039753,0.14487878203318996,0.200043329411051,0.12004766235215603
UROPHYCIS N SP CF EARLLII,0.2439348421176251,0.43199339262791897,0.6727530239914449,0.24176663071477958,-0.5164667385704409,-0.10793592957375833,0.2165073445337822,0.7055806377246929,0.19906102393443767,-0.6018779521311246
UROPHYCIS REGIA,0.11875587132059204,0.06313067324219111,0.09264173392475479,0.2822155201097699,0.20246168901085537,-0.1080528508732662,0.06720156223017025,0.14232044436282404,0.22315458670371238,0.13683842967079152
XYRICHTYS MARTINICENSIS,0.05143490122295239,NA,NA,1,NA,-0.07947563499529615,NA,NA,1,NA
XYRICHTYS NOVACULA,-0.061074327842278536,0.05116182077500895,0.2601261765272359,0.12472912744631036,0.03720204019094131,-0.014612282761165043,0.05766794302817341,0.8051026803327791,0.006379516276052769,-0.092982532096342
XYRICHTYS SPLENDENS,-0.4485714285713937,NA,NA,1,NA,0.054428571428562944,NA,NA,1,NA
ZALIEUTES MCGINTYI,NA,NA,NA,NA,NA,NA,NA,NA,NA,NA
